common_name,meaning,occasions,scientific_name
Alstroemeria,"bold look alstroemeria hints at depth symbolism behind petals. tropical beauty means devotion and mutual support, between two family members or friends since flower grows natively in peru and only recently spread other parts world, no meaning for flower in classical victorian tradition. however, modern flower fans still assign lovely petals plenty meaning. symbolizes power friendship and mutual bond support between two people. even in more passionate colors, meanings remain based on friendship instead romance. some metaphysical believers keep flowers around attract new friends into their lives.","celebrate an anniversary your friendship with life long best friend by handing over giant bouquet colorful alstroemeria blossoms. you’ll really impress an acquaintance who helped you out tight spot with gift single flower as well. if you’re not sure kind flowers give family member for birthday, bloom perfect for purpose as well.",Alstroemeria
Amaryllis,"since plants so large, they seem call attention themselves by towering over other nearby flowers. they first came attention european gardeners in 1800s. they seemed awfully grand victorians, so they became associated with pride. however, calling someone “full pride” was often compliment in victorian times. prideful women were often thought be beautiful. although taxonomists and botanists may quibble over exact species amaryllises, symbolism hasn’t changed much in centuries. in antiquity, amaryllis symbolizes blood love-struck nymph amaryllis. for victorian gentlemen, an amaryllis means strong, self-confident and very beautiful woman. star-shaped or trumpet-shaped amaryllis also symbolizes pride.",,
Anemone,beautiful anemone flower symbolizes:,"with such variety different meanings, you use anemone flowers for occasions like:",
Anthurium,"tropical plant adapts nearly any environment and produces new flowers all year, giving reputation as hospitality plant. but, other meanings too. anthurium flower known universally as symbol hospitality, as exotic beauty thrives in nearly any location in home or office. requires little care other than watering and occasional fertilizing and tolerates wide range light conditions. as cut flower, blooms long-lasting and retain their beauty and form in floral bouquets. they often used in bridal bouquets or other wedding arrangements. as potted plant, anthurium plant symbolizes abundance and happiness home. makes delightful hostess or housewarming gift for reason.","anthurium flowers appropriate for nearly an occasion and lend tropical touch floral displays. they be used in wedding décor, for graduations and promotions, or for other celebrations. flowers suitable in mixed arrangements and floral displays or all kinds. although they not an official birth flower for any month, they suitable for expressing birthday wishes.the flowers typically used in mixed bouquets, but be used singly.",anthurium
Aster,aster enjoyed rich cultural history filled with legends magical gods and goddesses.,,Aster
Azalea,"azalea tends represent good qualities personalities, but also symbolizes specific emotions or events. many people feel flower means: meanings azalea come primarily from victorian society, eastern cultures, and united states. british gardeners considered plant reserved and self-managed addition, so victorian flower language association became temperance. was often sent as gift one person urged another reconsider their feelings or hold back from making public display affection. japanese and chinese gardeners considered sweet reminder time spent at home instead. since blooms fall off shrub brushed by passing person or strong breeze, connection fragile or developing love still fail blossom. dark meaning azalea drawn from its toxicity – even honey made from flowers life-threatening, so don’t send someone bouquet in black vase unless you want scare them!",give gift azaleas for: birthdays falling between may 20 and june 20,Rhododendron
Baby Breath,"many people have marveled at baby’s breath peeking out their corsage without knowing deeper meaning behind it. these bright white dots symbolize everlasting and undying love, including family, platonic, and romantic bonds most people know baby’s breath flower as iconic symbol long lasting love because it’s commonly used round out wedding bouquets and centerpieces. tiny white flowers represent purity emotion two people should have for each other during wedding ceremony. aside from marriage connotations, baby’s breath also tied babies in an obvious way. it’s traditional give new mothers floral arrangements featuring at least one or two sprigs plant. self discipline and fidelity modern meaning for classic flower.",include baby’s breath in your,
Begonia,"begonia an interesting flower because some less than positive meanings. however, caution engendered in bloom more watchfulness guard dog than panic or fear person expecting worst. aside from watchfulness, begonia also represents connections between people and good communication. since naming flower was tribute helpful public official, you also give potted begonia someone who helps you finish up some paperwork or expedite decision. finally, don’t forget about how begonias stand out from crowd and feature their own individual nature.","trying warn someone watch out? pot living begonias perfect gift for sending message. you also bridge divide and start new friendship with these flowers, or celebrate success friend who been struggling.",
Bird Of Paradise,,"wondering splurge on big bird paradise as gift for someone else? stick with an appropriate occasion like: birthdays, especially for adults already have everything else congratulating someone on promotion, graduation, or other success",Strelitzia
Bleeding Heart,"eye catching flower carries meanings like: bleeding heart one most literal flowers used symbolically today. blooms resemble classical cartoon heart with drops blood falling out it. japanese folklore also tale about spurned prince who killed himself by sword lovely maiden rejected his gifts, which all represented by different petals from flower. in american and british culture, bleeding heart passionate meaning and often exchanged as symbol true love. some religious groups choose plant flower as reminder compassion for suffering others. represent people who share their emotions freely and wear their heart on their sleeve too.",celebrate with bleeding heart by:,Dicentra
Buttercup,"buttercup flower more than kid’s flower and symbolism its own. under normal circumstances, buttercup means: buttercup’s primary meaning lightness and joy, but in some rural areas where buttercup considered noxious weed, sometimes symbolizes ingratitude.",buttercups appropriate for informal entertaining and gift giving. consider buttercups in combination with other wildflowers for these special occasions.,Ranunculus
Cactus,"cactus flower one those interesting blooms symbolizes two opposite meanings in one package. in japanese tradition hanakotoba, giving gift flower from cactus clear way indicate you’re sexually attracted towards someone due its connection with lust. in contrast, many western people view as symbol chastity instead due spines. it’s up you decide which cactus flower meaning best fits your purposes. other meanings include endurance, thriving despite challenges, sharing love and warmth with your child, and drawing inspiration from emptiness desert.","don’t be afraid give blooming cactus as gift for your child’s birthday, as long as they restrain urge feel spines",
Calla Lily,"flower not technically part real lily family. instead, it’s different type flower with bloom similar other true lilies. most common meanings bloom include magnificent and overwhelming beauty, in classic victorian language flowers and ancient greek tradition resurrection and rebirth, since plant returns each year after winter faith and purity, especially in christian religions overcoming challenges, since cut flowers start regrowing in vase and survive frosts liveliness and innocence youth. most people first encounter flower decorating for easter or choosing live plant send as gift for holiday. it’s also used around christmas as well, hothouse specimens available. striking flower symbolizes resurrection jesus many people, or just rebirth in more general sense. due white and waxy blooms poking out dark foliage, flower earned connection innocence and purity too. it’s only natural it’s connected with youth as well.","calla lilies make appropriate gifts for many religious holidays due associations with virgin mary and jesus. aside from those occasions, consider giving gift flowers for birth new baby or child’s birthday. you also try celebrating loved one’s success at work with bunch orange or yellow blooms.",Zantedeschia
Camellia,"camellia flower speaks heart and expresses positive feelings. it’s most common meanings are: camellia flower enjoyed rich history, including its reported inclusion in secret gardens chinese emperors. china – camellia flower highly regarded in china and even considered national flower southern china. camellia flower symbolizes young sons and daughters. japan – in japan camellia flower called “tsubaki” and symbolizes divine. often used in religious and sacred ceremonies. also represents coming spring. korea – in korea camellias flowers symbol faithfulness and longevity. they have been part traditional korean wedding ceremonies since 1200 b.c. victorian england – in victorian england camellia bloom sent secret message recipient was adorable. united states – camellia flower state flower for alabama and typically represents southern beauty.",,
Carnation,"carnation means depends on circumstances and color symbolism bloom, but some common meanings apply all carnations. ancient roman legend: according legend, carnation flower appeared after crucifixion christ. mother mary wept at death her son, her tears fell earth. carnations sprang forth from each spot where mary’s tears stained earth. legend lends credence theory carnation earned its name from incarnation. korean culture: koreans use carnation foretell fortune young girls. upon placing three freshly cut carnations in her hair, young girl charged with observing which three will die first. if top flower dies off first, indicates latter years girl’s life will be filled with strife. if middle flower fades first, indicates she will experience turmoil during her youth. if lower flower dies and fades first, indicates young woman will face great challenges throughout her lifetime. chinese culture: carnation used in weddings in china. in fact, most common flower used in chinese wedding ceremonies. japanese culture: in japan, red carnation symbolizes love and most common flower for mother’s day. victorian: during victorian times, flowers often sent secret, coded message suitor or secret admirer. sometimes, they also answered secret question. solid colored carnation meant answer was “yes”. striped carnation signified “i’m sorry, but i can’t be with you.” yellow carnation symbolized “no”. united states: carnations official flowers for mother’s day. they also worn in corsages and boutonnieres for prom and other special events. green carnation typically worn on st. patrick’s day. also birth flower for january.","carnations appropriate for nearly any occasion, as they symbol both love and distinction. carnation in school colors often presented graduates or recipients academic and sports awards. pink carnations popular for mother’s day while green carnation prized on st. patrick’s day.",Dianthus
Chrysanthemum,"as bloom great importance, chrysanthemum symbolizes concepts like: lasting friendship and non-romantic affection as november’s official flower month, chrysanthemum brings us message even beginning winter have joy and beauty. it’s also traditional flower choice for mother’s day gifts in australia. victorians considered strictly flower friendship and well-wishing for people in need rest, so deep red chrysanthemum passion were rarely passed around in society. chrysanthemum also flower representing royal family emperor in japan. floral specialists in u.s. generally consider chrysanthemum means cheerfulness and positivity, but in new orleans only used for all saints day celebrations and become symbol honored dead in city. it’s called one four gentlemen in chinese culture, which reflects flower’s importance as symbol in artwork.",,Chrysanthemum
Columbine,"columbines have been mentioned or depicted in christian religion over many centuries. christians believed columbine meaning 1 seven gifts holy spirit and these included: wisdom, intellect, reverence or piety, strength, advise, knowledge and fear (fear god or fear doing wrong in eyes god). celtics believed in world dreams and visions and columbines were portal world. austrians believed columbine symbolizes five doves in circle. it’s funny you see in flower.",,Aquilegia
Crocus,crocus symbol crocus long been symbol youthfulness and cheerfulness. flower was used by ancient greeks ward off fumes liquor by weaving crocus flower into wreaths for head. egyptians also used crocus flowers dispel fumes from intoxicating liquors by placing spray flowers on wine glasses. ancient romans were so fond fragrance crocus they devised an apparatus emit fine spray its scent on guests as they entered banquets. fragrance crocus was thought inspire love was even believed bloom at midnight on valentine’s day.,crocus perfect flower for spring bouquets and appropriate as gift between friends or celebrate birthdays and other special occasions. an appropriate flower for young girls.,
Daffodil,"while daffodil’s primary symbolism new beginnings, rebirth and coming spring, many others. some most common meanings for daffodil flower are: daffodil similar uplifting meanings across cultures, probably because bright flower appears as cold, dark days winter wane and warm rays spring appear. china: daffodil symbolizes good fortune in chinese culture. in fact, so esteemed for its ability bring forth positive things official symbol chinese new year. japan: japanese people, daffodil means mirth and joyousness. france: in france, daffodil sign hope. wales: welsh legend claims person find first daffodil bloom will be blessed with more gold than silver in upcoming year. arabian countries: arabians believe daffodil flower was an aphrodisiac and cure for baldness. medieval europe: medieval europeans believed if your gaze caused daffodil droop was an omen impending death. united states: in united states, daffodil official symbol for american cancer association, symbolizing hope for cure. also flower for month march and symbol 10 th wedding anniversary.",,Narcissus
Daisy,"at first, seem be as many meanings for daisies as species daisies. however, most generally accepted meanings are: innocence, especially with white daisies with yellow or pale centers. purity – also shown by daisies as white as possible. new beginnings, which why they often found in bouquets for new mothers or as gifts for children. true love – because each daisy flower really two flowers blended together in harmony. sender keep secret. keeping secret one way person exhibit they truly love another. in modern paganism, daisies symbolize sun just because they seem appear like stars or suns. in victorian times, different species daisies symbolized different things:",,Leucanthemum
Dandelion,"common and humble dandelion surprising amount different meanings. dandelion means: as such common weed, dandelion didn’t even merit mention in victorian language flowers. didn’t stop medieval peasants and modern spiritualists from considering symbolic flower. most modern admirers consider symbol fighting through challenges life and emerging victorious on other side. others use as visual reminder sun’s power, especially depression or grief makes hard stay sunny. course, long running folk belief blowing out white puffball seeds flowers turns into will grant you one wish. others use as reminder use intelligence in dealing with every kind situation. finally, most people agree dandelion looks so cheerful and happy, even taking over sidewalk or shading out grass in lawn.",gather up small informal bouquet dandelions from your yard for occasions like:,
Delphinium,"member buttercup family doesn’t sport same cheery yellow color, but it’s still important in mythology and modern symbolism alike. delphinium means humble flower grows wild in both europe and united states, so was common dye plant for both native americans and european settlers who moved in with them. aside from being picked for dye, plant was also gathered communicate cheer and good will towards others. it’s also considered protective plant in traditional lore because peasants used pick flowers and carry them protect against scorpion stings. some people exchange these flowers encourage each other reach their goals, while others plant them in remembrance lost loved ones due deep blue color.","grab few dark blue larkspurs you want encourage family member try their best at test or job interview. if you know someone with july birthday, these flowers make perfect gift since it’s birth flower month.",
Dogwood,"none dogwood species currently growing native middle east where christianity first developed. however, same symbolism generally applied all types dogwoods regardless native status. tree means: rebirth and resurrection, particularly through story jesus christ dogwood primarily symbol christianity. outside tradition, not considered birth flower or used for arrangements. victorians did ascribe an extra meaning flower because story tying tree crucifixion wasn’t written yet. bachelor offer dogwood flower sprig woman he felt affection towards and waited for response. if flower was returned, he was out luck. woman keeping flower signaled an interest or mutual attraction. flower was also symbol reliability and durability during era due strength wood.","dogwood flowers perfect for: recognizing religious milestone like first communion, baptism, or confirmation",Cornus
Edelweiss,"edelweiss flower means notoriety in its complete essence. it’s prized where naturally grows and created be symbol by its local region because it’s only obtained by few lies waiting in its natural habitat. it, therefore, captivates symbolic qualities adventure and great sacrifice.","should man be brave and stout, an edelweiss might be right flower profess his love. flower be great symbol love daring men take hold mountains and elevate way through dangers falling and inclement weather. lucky women found be reason for such an occasion will surely know honor man seeking impress her. flower also have been given soothe body diphtheria or tuberculosis. taken as tea, these ailments given relief and was gesture good faith been giving you during sickness.",
Eustoma Flower,"eustoma potent symbol with primarily modern meanings. blossom means eustoma flower meaning list begins with general feeling happiness and joy. it’s perfect flower for using in wedding, birthday, and party bouquets for reason. aside from joy, you also use flower symbolize contentment, peace, and love for other people. there’s also touch social power bloom as well. it’s ideal for convincing someone you’re charismatic or recognizing social skills other people.","grab small bouquet eustoma you’re ready celebrate love you have for friend or as birth flower. course, red and pink varieties also work for deep affection on romantic level. it’s also nice gift give after someone uses their social skills earn promotion or get new job.",
Frangipani,"few different cultures have assigned meanings frangipani flower, including modern american culture. these meanings include: modern florists often recommend frangipani as gift for someone who endured many challenges because plant must be heated over 500 degrees f catch alight and start burning. aside from natural toughness, delicate look flower makes symbol grace, wealth, and perfection across asia. however, many people in china and vietnam consider unlucky because folk belief ghosts and other spirits live in branches bush. as wedding flower across southern india, symbolizes lasting bond between married couple. chinese people also use indicate affection and love it’s inappropriate speak about those feelings openly. swahili poets also use as symbol love, while buddhist and hindu followers consider sign immortality and continuation soul after death.","give gift fragrant frangipani for: weddings, especially between two very compatible people",Plumeria
Freesia,"beautiful freesia several related meanings. freesia blooms typically mean: freesias popular wedding flowers across globe. these tiny flowers add color and fragrance any floral display and often used in bridal bouquets, boutonnieres or even as table centerpieces at weddings. in context, white freesia flower means innocence and purity. freesias also used as thank you someone who performed gracefully under difficult conditions. their delicate nature makes them especially appropriate for young girls after dance or other artistic performance. in context, color flower doesn’t matter. choose one in her favorite color or matches theme event. in victorian times, flowers often carried secret messages dare not be spoken, freesia symbolized trust. in united states, freesia symbol for seventh wedding anniversary.",,
Gardenia,"in victorian times flowers were used convey messages between people. person was unable outright express their feelings love for another, was and still common practice say with flowers. while any type flowering plant will do, if you want express your love and devotion someone but don’t want your identity be known, gardenia flower give as present. signifies secret love or an untold love. gardenias also given convey “you’re lovely”. used in way, gardenia flower be given lovers, friends, and even family. it’s way telling them how lovely they are. and because color gardenia white, also signifies purity. flower wonderful addition wedding bouquet as fits any color theme and also brings message love and purity. other commonly associated meanings are: gardenia leaves shiny, and waxy. symbolic clarity. in addition, it’s symbolic self-reflection. in fact, many earth worshiping sects subscribe time with gardenia in meditation in order come core oneself for understanding and enlightenment. gardenia flowers also symbolize protection. they naturally deter certain insects. metaphorically and energetically, they help dispel bad feelings or energies in our lives. in numerology gardenia number 8. planet saturn as symbol and reflects characteristics freedom, vision and expansiveness.",,
Geranium,"geranium flower appears have some conflicting meanings, which means you must rely on both circumstances and their color refine their meaning. some most common meanings are: symbolism geranium flower most commonly associated with type or color geranium. some common symbolism includes: horseshoe geranium –",,Pelargonium
Gerbera,"latin name for gerbera daisy gerbera jamesonii and part large asteraceae family flowers. 2 these daisies were named after german botanist and doctor traugott gerber. also known as transvaal daisy, scotsman, robert jameson found these beauties growing wild around dug up gold mines he was in charge in transvaal, south africa and mr. jameson credited with also discovering these flowers.",,
Gladiolus,"gladiolus flower symbolizes honor and remembrance, but other meanings too. also symbolize following: gladioli were considered flower gladiators and have long been associated with swords. these stately flowers used in floral displays at special celebrations and favorite in country gardens. they considered old-fashioned flowers, as early american women often planted these flowers at backs their flower gardens create colorful backdrop flowerbed. they were also commonly planted along fences or foundation home, as tall spires need support keep them upright.",,Gladiolus
Heather,"heather flower’s meanings goes as far back as celtic and pre-celtic times. but, always few straightforward meanings including: symbolism heather plant rich and steeped in history. growing on windy hills scotland, white wild heather come symbolize protection. early in history scotland, were many wars competing factions. throughout these battles position and power, white heather was worn as an amulet protection. was thought red and pink heathers were stained with blood. nobody wanted invite bloodshed into their life, so these colors heathers not be carried into battle. scottish legend also says no white heather will ever grow where blood been shed. one sweetest legends scottish folklore white heather only grows where fairies have been. most well known legend white heather in 3 rd century a.d., young maiden named malvina, daughter poet ossian was be married her true love oscar. oscar, warrior, never came home. killed in battle, messenger was sent deliver horrible news. messenger delivered horrible news with spray burgundy heather. malvina was inconsolable upon hearing news her true love’s death. wondering among moors and mossy hills, she shed futile tears. legend says as her tears fell upon heather turned purple flowers into white ones. instead drowning in bitterness, malvina decided right then and anyone who came across white heather be blessed with good fortune for all their days.",,
Hibiscus,"although specific meanings for hibiscus differ depending on culture beholder, some generalities about hibiscus symbolizes. considered very feminine flower and so usually given or worn by women. in north america especially, hibiscus means perfect wife or woman. in victorian times, giving hibiscus meant giver was acknowledging receiver’s delicate beauty. in china, hibiscuses symbolize fleeting and beauty fame or personal glory. given both men and women. hibiscus unofficial national flower haiti.",,Hibiscus
Hyacinth,"sincerity (blue) hyacinth flower name most interesting meaning. in greek mythology, apollo sun god and zephyr god west wind compete for young boy’s affections. at one point apollo teaching hyakinthos how throw discus and zephyr gets so angry he blows gust wind in apollo’s direction, which sends discus hurling back in direction hyakinthos, striking and killing him. apollo, brokenhearted, notices flower springs up from blood was spilled and names flower hyacinth in honor boy. symbol hyacinth flower remained pretty simple throughout history.",,Hyacinthus
Hydrangea,"vigorously growing hydrangea shrub symbolizes diverse meanings including: in japan, flower historical tradition behind linked apologies and gratitude. an emperor supposedly gave hydrangeas maiden he loved as an apology for neglecting her other business took up all his attention. contemporary florists in japan use represent genuine emotions and love because pink blossoms in particular resemble beating heat. victorians were not as fond hydrangea and considered mostly negative plant. flowers were sent declare someone boaster or braggart, or chastise someone for their frigidity in turning down claim romantic love. also means frigidity because medieval belief young women who grew or picked hydrangeas never find husband. modern western florists often use flowers in wedding bouquets and apology arrangements tie in with their graceful and abundant meanings.","try giving gift hydrangeas for: weddings, engagements, and other unifying ceremonies sending message “no thanks” suitor",Hydrangea
Iris,"iris means different things different people and cultures. some its most common meanings ancient greeks soon began practice planting purple iris flowers on graves women, believing they entice goddess iris lead their loved ones in their journey heaven. these stately flowers, as evidenced by their depiction in egyptian palaces, also enamored egyptian kings. egyptians were likely influenced by greek mythology and used iris symbolize their connections heaven. by middle ages, france took up gauntlet and began use iris flowers symbolize royalty and power. in fact, iris inspired fleur-de-lis, national symbol for france. in united states, iris birth flower for february, flower for 25th wedding anniversary and state flower for tennessee.",,
Jasmine,"jasmine flower associated with love. jasmine also symbolizes beauty and sensuality. in some cultures, jasmine represents appreciation and good luck. used in religious ceremonies jasmine represents purity. jasmine’s meanings varies depending on culture and setting. jasmine national flower pakistan. both bride and groom wear garlands white jasmine and red roses on their wedding day. floral bouquets jasmine and roses also used celebrate special occasions, and in burial garlands meaning final farewell. in philippines, garlands jasmine adorn participants in religious ceremonies while indonesians don jasmine for wedding ceremonies. in thailand, jasmine symbol for mother and portrays love and respect. in united states, jasmine symbolizes beauty, love and romance.",,Jasminum
Larkspur,"greek mythology: according greek mythology after death achilles, ajax and ulysses both tried claim his arms. greeks awarded them ulysses, ajax went into fit anger culminated in taking his own life with sword. ajax’s blood was spewed across land. larkspur flower sprang forth where ajax’s blood fell earth. letters i – initials ajax – said appear on petals flowers as remembrance ajax. native american legend: according native american legend, larkspur got its name from an angel or other celestial being descended from heavens. being parted sky and send down spike made from pieces sky so he climb down from heaven. rays sun dried spike and scattered in wind. tiny pieces sky burst forth into larkspur flowers wherever they touched earth. christian legend: christian legend states after crucifixion, christ was moved cave and boulder was placed in front door. while many doubted he rise again, tiny bunny tried remind them christ’s promise. all ignored him, bunny waited in dark until christ arose. bunny spoke christ and rejoiced he kept his promise. christ knelt down, showed bunny tiny blue larkspur flower, and told bunny behold image bunny’s face in flower. face bunny in larkspur flower symbolizes trusting in christ and remains symbol today.","larkspur flowers appropriate for many special occasions from birthdays housewarmings. these flowers often combined with other flowers in floral displays, making them suitable for family celebrations and other joyous occasions.",Delphinium
Lavender,"like all flowers, lavender flowers have common meanings. here list some most common meanings for lavender flowers: lavender flowers purple in color and color purple associated with crown chakra, which energy center associated with higher purpose and spiritual connectivity. crown or 7th chakra located at top head and vibration crown highest vibration in physical body. symbolism appropriate as lavender flower often used for healing and raising our vibration highest level possible easiest path healing.",,Lavandula
Lilac,"lilac flower many meanings, but most related expressing love or affection: in victorian times, giving lilac meant giver trying remind receiver first love. lilacs also express confidence giver for receiver. makes lilacs good gift for graduates. sprig lilacs, especially white lilacs, symbolizes innocence. since lilacs such versatile and ever-present flowers, it’s no surprise they symbol many things such as: reminders an old flame. in victorian times, widows often wore lilacs. lilacs often first flowers bloom temperatures rise and only last couple weeks, so lilacs often symbolize spring. in new hampshire, lilacs said represent “hearty character” new hampshire residents.",,Syringa
Lilly,"lily flower, in all its various forms, commonly considered mean: royalty and regal bearing motherhood and fertility purity and beauty youth passion and drive renewal and rebirth both greeks and romans held lily in very high regard, including in dozens their religious myths and breeding plants extensively. alchemists considered lunar plant with feminine qualities, while lily in high demand in china for weddings because its name sounds like start phrase wishing couple happy union for century. chinese friends and family members also give flower people who have experienced recent loss because believed help relieve heartache. don’t forget about enduring sign european royalty known as fleur de lis. now commonly found on silverware and wallpaper, stylized floral design symbolizes regal bearing and was loosely based on member lily family.",,
Lisianthus,"lisianthus plenty different meanings explore, such as lisianthus requires specific conditions first germinate, but then grows into hardy plant blooms profusely. means symbolizes rising above your surroundings and being grateful for everything in your life. it’s also wedding flower due its link with devotion and long-lasting bonds. finally, you also explain you’re traditionalist or show off your charisma with colorful and fun plant.","few flowers look as elegant as lisianthus used make boutonnieres and corsages. try bouquet blooms for thanking friend instead sending usual card, or keep few around raise your spirits.",Eustoma
Lotus,"lotus delicate flower with many layered petals arrayed around central core. few different plants from separate families all make up category, but they all have similar meanings comes symbolism. plants also look alike and share other characteristics like medicinal and edible value. in general, all lotus flowers exude beauty and grace. most varieties grow in water ponds and creeks, lending them an otherworldly quality makes them mystical enough for religious ceremonies. in victorian flower language, lotus represented eloquence.",,Nelumbo
Magnolia,"magnolia meanings depend on color flower and immediate culture person giving and receiving flowers. usually, magnolias given as presents from men women as if men saying, “you worthy beautiful magnolia.” magnolia often symbolizes yin, or feminine side life. white magnolias symbolize purity and dignity. seem be as many symbol interpretations about magnolias as people who love magnolias: in victorian times, sending flowers was discreet way lovers sending messages each other. magnolias symbolized dignity and nobility. in ancient china, magnolias were thought be perfect symbols womanly beauty and gentleness. in american south, white magnolias commonly seen in bridal bouquets because flowers thought reflect and emphasize bride’s purity and nobility.",,Magnolia
Marigold,"aside from being an important part any organic garden as pest deterrent, marigold loftier meanings like: aside from being offered as sacrifice gods from christian, aztec, buddhist, hindu, and pagan religions, little flower strong ties sun and its power resurrect. all types marigold offer same basic meanings because they all share same bright yellow, red, or orange color. victorian flower language experts considered symbol despair and grief, which shared with mexican cultural conception linking remembrance dead during dia de muertos. victorians also linked with cruel treatment towards loved one. modern meanings focus on sunny color and beauty instead, giving flower meaning optimism and success instead. marigolds were carried as love charms or spells in middle ages by both genders who wanted attract someone new.",grab pot or vase marigolds for:,Tagetes
Morning Glory,ipomoea comes from latin prefix ip meaning worm and homolas which means like. so beautiful flower was name after it’s growth habit which worm like.,,
Myrtle,myrtle flower meaning similar across culture cultures and across centuries. typically means:,"myrtle flowers appropriate for weddings, communions and christenings as they symbol for both fidelity and love and for chastity. added other flowers they be used for nearly any occasion wish recipient luck and prosperity.",Myrtus
Narcissus,"since both narcissus and daffodils technically same flower, their meanings overlap as well. these flowers usually considered symbol of: prosperity and wealth, especially in future march birthdays, as birth flower month narcissus does come with few negative symbols due association with narcissism. aside from signaling person little too self-obsessed, flower ideal for reminding someone always chance for things improve in future. narcissus means rebirth and renewal because it’s one earliest bulbs sprout. if you know someone first arrive at every event, you celebrate their punctuality with flower. victorians considered an egoist’s flower, while chinese use symbolize future prosperity and wealth.",there’s flower for every occasion. pick few daffodils or narcissus for events like:,
Orchid,"orchid been held in high regard since ancient times. symbolizes ancient greeks thought orchids were symbol virility. in fact, they were so convinced connection between orchids and fertility they believe orchids with large tuberous roots symbolized male child, while orchids with small tubers symbolized female child. aztecs reportedly mixed vanilla orchid with chocolate create tasty elixir was thought promote power and strength. although victorians didn’t use orchids as magical elixirs, they did collect and display them as sign luxury and means exhibit their refined taste.",,
Peony,"peony mainly known for representing ideas and values like: honor, especially for people who bringing honor their entire family through success peony most important in chinese culture. stunning flower an official emblem china, and plays big role in many holidays and religious traditions. it’s flower with longest continual use in eastern culture, and it’s tied in deeply with royalty and honor in those societies. chinese name for peony even translates “most beautiful”. oddly enough, somewhat an opposite meaning western individuals. greek myth says nymphs used hide their naked forms in peonies shield them from prying eyes. led association peonies with shamefulness and bashfulness during victorian era. was considered downright unlucky dig up shrub peony during middle ages due associations with less than kind fairies.",,Paeonia
Periwinkle,"periwinkle was potent religious symbol tied virgin mary in middle ages, so it’s not uncommon see little purple blossom peeking out stained glass window. victorian flower language users assigned meaning beautifully blossoming friendship. also means sharing recollection pleasant memory from past. in ukraine, it’s tied folklore about love lasts through eternity. it’s given as gift newlyweds wish them long marriage, but it’s even used around candles in hopes they’ll last longer.",,Vinca
Petunia,"meaning petunias be contradictory, leading some confusion – but remember meaning any flower depends on circumstances and relationship between giver and recipient. petunia flower meaning also affected by color flowers. some commonly accepted meanings for petunia flowers include: petunia flower symbolizes anger and resentment especially they presented by someone with whom you have recently heated disagreement. they also symbolize your desire spend time with someone because you find their company soothing and peaceful. according some sources, petunias also symbol not losing hope.","potted petunias appropriate for housewarmings or as hostess gifts. they often presented at mother’s day or other spring celebrations. they appropriate for promotions, graduations and other achievements, and make an excellent gift for gardeners as plants will produce abundant flowers from spring until frost.",Petunia
Plumeria,"plumeria flower rich history includes wide variety meanings, including: plumeria flower symbolizes different things in different cultures, although all uplifting meanings.",,
Poppy,"for many cultures, poppy symbol of:","since flowers large, cup-shaped, and colorful, poppy bouquets and sprays look impressive. give gift poppy for occasions like: funerals and memorial services, especially for soldiers pass away while serving or veterans",Papaver
Protea,"protea flower means depends on circumstances and relationship between giver and receiver, but some commonly agreed upon meanings for protea flower. protea flower symbolizes change and transformation across cultures. south africa: king protea (","some varieties protea flowers make delightful backdrop for other more showy flowers, while some take center stage as cut flower. they be used in bridal bouquets or wedding décor, at special celebrations, and for birthdays and other special events. protea flower’s message varies according setting, but one thing for sure, these striking flowers aren’t likely be forgotten. make lasting impression, try adding protea flowers floral displays and arrangements or send them special someone on your list.",
Ranunculus,"while many flowers have multiple meanings, ranunculus flower does not. means: ranunculus flower appears symbolize charm and attractiveness across cultures and generations. in victorian language flowers, ranunculus flower tells lady your think she charming and attractive.",,
Rose,"rose many meanings which vary depending on its color. however any rose be commonly seen as symbol of: rose often associated with numerology. in art renaissance period, rose with eight petals was message rebirth and renewal. in alchemical texts and art, rose with seven petals was symbol inclusion, universal understanding and order. association between numerology and rose also seen in freemasonry where each three roses symbolic guiding principle – love, life and light. in mythology rose associated with aphrodite greek goddess love who was often depicted adorned with roses around her head, feet and or neck. also said rose bush grew within pool blood spilled from aphrodite’s slain lover adonis. in christian mythology, rose bush was also said have grown at site christ’s death. in tarot rose considered symbol balance. expresses promise, new beginnings, and hope. its thorns represent defense, physicality, loss, thoughtlessness. in major arcana rose appears on magician, strength, death and fool cards. all these cards hold strong meanings balance and equilibrium. in classical era, rose was sacred number goddesses including isis. ancient greeks and romans also identified rose with goddesses love, aphrodite and venus respectively. in rome wild rose be placed on door room where secret or confidential matters were discussed. phrase sub rosa , or “under rose”, means keep secret and derived from ancient roman practice. christians in medieval times identified five petals rose with five wounds christ. rose later became associated with virgin mary and was eventually adopted as symbol blood christian martyrs. bouquet red roses used as gift on valentine’s day which day celebrating christian saint valentinus. in more modern times in 1986 was named floral emblem united states, and provincial flower alberta, canada. state flower 4 us states including: iowa, north dakota, georgia, and new york.",,Rosa
Sampaguita,,"sampaquita flowers appropriate for weddings and other religious ceremonies, but also be included in floral bouquets presented mothers, grandmothers and close female friends express love and dedication. bouquet sampaquita flowers in bedroom or dining area sets mood for love and romance.",
Snapdragon,"snapdragons possess two meanings. similar mythical creature they resemble, revered in some cultures and feared in others: snapdragon means grace and, due its growth in rocky areas, strength. however, also symbolize deviousness. people have loved snapdragons since before days roman empire. snapdragons have become part human mythology with complex symbolism. since snapdragon symbol for both deception and graciousness, sometimes snapdragons used as charm against falsehood. in victorian times, messages from lovers were secretly sent by flowers. snapdragon with flower known for truth-telling, such as hyacinth, meant giver sorry for making mistake. snapdragons also symbolize grace under pressure or inner strength in trying circumstances.",,Antirrhinum
Snowdrop,snowdrop flower several meanings depending on context. most common meanings are: snowdrop flower enjoyed rich and varied history includes several legends about how flower came be.,"snowdrops appropriate either as an expression sympathy or as an expression celebration. presented wedding party, floral display with snowdrops speaks optimism and hope. they symbolize sympathy given on solemn occasion such as after death, loss or misfortune.",
Star Of Bethlehem,"star bethlehem flower associated with birth christ and symbolizes traits jesus. star bethlehem flower steeped in christian symbolism, from its supposed biblical reference christian legend gave its name. often used in floral bouquets and arrangements for christian ceremonies, such as christenings, baptisms and christian marriages or funeral services. but used in secular weddings and celebrations too.",star bethlehem flower appropriate in nearly any floral arrangement from weddings and christenings birthdays and anniversaries.,Ornithogalum
Stargazer,,"aside from 30th anniversary, you should also invest in bunch stargazers your family home needs breath fresh air due pessimistic atmosphere. keep fresh vase flowers on your desk at work stay motivated working towards your future. finally, consider using bloom celebrate graduation high school or college student.",
Statice,"meaning statice flower depends on occasion or event, but some commonly accepted meanings for statice. statice symbolizes both fond memories and sympathy and be used either in memorial wreaths and bouquets or in floral arrangements at reunions or meetings old friends. they also symbolize success making them suitable for wide variety celebrations, too. because flowers rarely used alone, meaning other flowers in floral arrangement should also be taken into consideration.","statice versatile flower appropriate for nearly any occasion, particularly used as filler in mixed floral arrangements. these flowers work well for reunions, get-togethers among old friends or for birthdays and other celebrations. they common in funeral flowers or for memorial services, but they don’t need be part solemn event, as they symbolize success as well as remembrance. tucked into floral arrangements add delicate color, these flowers right at home in office bouquets or for special events like graduations and other achievements.",Limonium
Stock Flower,"stock flower attracts attention for both its distinctive blossoms and delicate and wonderful scent releases. aside from its physical characteristics, plant popular as symbol large cup shaped blooms packed onto tall spire draw you in at first, but it’s spicy cinnamon and clove scent keeps you coming back for more. outgoing stock flower means enjoying life whenever you can, even it’s not exactly you planned for or wanted. it’s perfect for celebrating anything brings you happiness, from birth new family member housewarming party. these flowers used for weddings as well because it’s beautiful way for husband tell wife he will always consider her most beautiful woman in world. pair with an overall meaning happiness and you see why so much potential. it’s not usually considered birth flower, but some people use as symbol for taurus.",,
Tulip,"while it’s not fanciest flower in garden, beauty and grace simple tulips means flower become symbol for meanings like: perfect, enduring love between partners or family members undying passionate love, whether passion spurned or returned tulip classic flower love, although was considered more symbol for charity by victorians. turkish people who originally bred flower considered symbol paradise on earth, making part many religious and secular poems and art pieces. while ottoman empire planted bulbs remind them heaven and eternal life, dutch popularized flower considered reminder how brief life be instead. link love and passion developed primarily in 20th and 21st centuries, but doesn’t detract from strength symbolism behind flower.",,Tulipa
Wisteria Flower,"wisteria been growing in eastern us and asia for centuries now, so accumulated plenty contrasting and complementing meanings. some people believe wisteria symbolizes good luck, especially for start business or new marriage flower native asia, so naturally many its meanings come from chinese and japanese culture. in china, flower commonly featured in art and plays involving marriage. many people exchange flowers as good luck charm planning wedding. since vines and trees bloom in spring and early summer, it’s potent symbol new life. why modern florists recommend for both baby showers and business openings. well-trimmed wisteria bonsai offers perfection in tiny package, tapping into meaning devotion.","celebrate new family member by sending in bundle blossoms, or give blue wisteria as “something blue” for wedding tradition.",
Zinnia,"? zinnia flower several meanings including thoughts friends, endurance, daily remembrance, goodness and lasting affection. zinnia one tough flower so symbolism evolved mean endurance in all it’s many forms. includes spontaneous endurance: from youth old age zinnia endures and continues bloom. also believed mean joyous endurance, happy bloom in broiling heat summer. zinnia also endures through any trials and tribulations (unforgiving heat, drought, bugs) and continues put forth beautiful flowers in many shades red, orange, apricot, yellow, white, lilac and even lime green.",,Zinnia
