name,meaning,Special Occasions,scientific_name
Alstroemeria,"the bold look of the alstroemeria hints at the depth of symbolism behind the petals. this tropical beauty means devotion and mutual support, between two family members or friends friendship on a broad scale from acquaintanceship to life long buds withstanding the trials of everyday life building your personal life by finding new friends and potential romantic connections following your dreams and achieving your aspirations, both in a material and spiritual sense.","celebrate an anniversary of your friendship with a life long best friend by handing over a giant bouquet of colorful alstroemeria blossoms. you’ll really impress an acquaintance who helped you out of a tight spot with the gift of a single flower as well. if you’re not sure what kind of flowers to give a family member for a birthday, this bloom is perfect for that purpose as well. the alstroemeria flower’s message is… the alstroemeria flower’s message is hold your friends close and show them how much you cherish them. build new relationships to branch out and develop a healthy social support network. chase your dreams and don’t give up until you achieve them.",
Amaryllis,"since the plants are so large, they seem to call attention to themselves by towering over other nearby flowers. they first came to the attention of european gardeners in the 1800s. they seemed awfully grand to the victorians, so they became associated with pride. however, calling someone “full of pride” was often a compliment in victorian times. prideful women were often thought to be beautiful.",,
Anemone,"the beautiful anemone flower symbolizes: protection against evil and ill wishes the approach of a rain storm when the petals close up forsaken or forgotten love and affection anticipation and excitement for something in the future fairies and their magical world of twilight the death of a loved one or the loss of them to someone else protection against disease and illness the arrival of the first spring winds bad luck or ill omens despite its delicate beauty, the anemone has developed a mixed set of meanings depending on the culture viewing the flower. some see it as protection against disease, while others feel the opposite way and warn against it as an omen of impending illness.","with such a variety of different meanings, you can use anemone flowers for occasions like: a funeral or memorial for a loved one that passed away a bouquet for someone looking forward to a big move, marriage, or the birth of a baby a stay well gift for anyone trying to avoid illness wishing someone good luck the anemone flower’s message is… look forward to the future and don’t forsake the ones you love. something new is always around the corner, no matter how dark things might look right now.",
Anthurium Flower.Txt,"this tropical plant adapts to nearly any environment and produces new flowers all year, giving it a reputation as a hospitality plant. but, it has other meanings too. hospitality happiness abundance","anthurium flowers are appropriate for nearly an occasion and lend a tropical touch to floral displays. they can be used in wedding décor, for graduations and promotions, or for other celebrations. the flowers are suitable in mixed arrangements and floral displays or all kinds. although they are not an official birth flower for any month, they are suitable for expressing birthday wishes.the flowers are typically used in mixed bouquets, but can be used singly. the anthurium flower’s message is… the anthurium flower’s message is one of hospitality and abundance making them an ideal potted plant to present at housewarmings or even at retirement celebrations.",
Aster,patience love of variety elegance daintiness afterthought (or the wish things happened differently),,Aster
Azalea,"the azalea tends to represent good qualities of personalities, but it also symbolizes specific emotions or events. many people feel this flower means: remembering your home with fondness or wishing to return to it taking care of yourself and your family temperance – the victorians often carried a bloom if they supported the prohibition of alcohol, but it also represents emotional evenness passion that is still developing and fragile elegance and wealth femininity and feminine beauty abundance, especially of beauty or intelligence a death threat – only when sent in a black vase despite being an overwhelmingly positive plant, azaleas still have a dark side due to the association with death threats.","give the gift of azaleas for: birthdays falling between may 20 and june 20 celebrations for the women in your life urging temperance in someone who is going to excesses telling your family you wish you could visit home reminding someone to take care of themselves the azalea flower’s message is… care for yourself and those around you. never forget where you came from, and stay in control of your emotions and actions for success in life.",Rhododendron
Baby Breath Flower.Txt,"many people have marveled at the baby’s breath peeking out of their corsage without knowing the deeper meaning behind it. these bright white dots symbolize everlasting and undying love, including family, platonic, and romantic bonds pureness and freedom from outside influences or corruption the power of the holy spirit in christian faith innocence newborn babies of either gender reconnecting with lost loves or disconnected family members self discipline and the ability to stay focused on love.",include baby’s breath in your wedding arrangements baby shower gifts bouquets for children and other innocent individuals. the baby breath flower’s message is… the baby breath flower’s message is stick with your loved ones and show them your dedication. stay dedicated to your cause and remember the power of innocence.,
Begonia Flower.Txt,what does the begonia flower mean? the begonia symbolizes warnings about future misfortunes or challenges dark and unpleasant thoughts that distract you from your happiness and joy being cautious about new situations harmonious communications between friends and family members gratitude and giving thanks for a favor from someone else individuality and standing out from the crowd justice and peace between major world powers and simple people alike.,"trying to warn someone to watch out? a pot of living begonias is the perfect gift for sending this message. you can also bridge a divide and start a new friendship with these flowers, or celebrate the success of a friend who has been struggling. the begonia flower’s message is… the begonia flower’s message is don’t be lulled into a false sense of security and stay vigilant for danger. always repay the favors given to you with appropriate gifts or you’ll end up with no help at all.",
Bird Of Paradise,"as one of the more unusual looking flowers used for arranging and bouquets, the bird of flower carries symbolism such as: the 9 th wedding anniversary for a married couple freedom and the ability to travel, due to the flower’s resemblance to birds in flight magnificence, excellence and success royalty and a regal bearing paradise on earth joy through challenges and successes alike faithfulness in romantic relationships optimism towards the future the movement suggested by the spiked petals brings to mind a flock of birds gracefully departing. it’s not hard to see why it’s developed such a long list of different meanings.","wondering when to splurge on a big bird of paradise as a gift for someone else? stick with an appropriate occasion like: birthdays, especially for adults that already have everything else congratulating someone on a promotion, graduation, or other success celebrating the handling of a sticky situation in a graceful way birth and relocation announcements, or any celebration of a new beginning farewell parties for people departing on long trips the bird of paradise flower’s message is… stay open to new possibilities and seek your freedom wherever you can find it. explore the world with a sense of optimism and excitement.",Strelitzia
Bleeding Heart,"this eye catching flower carries meanings like: expressing your emotions openly a deep and passionate love between two people spurned or rejected love, especially in the eastern cultures where the flower originated being too sensitive or emotionally reactive to the world around you feeling compassion and unconditional love for everything in creation a connection that goes beyond life and death while the flower grew wild for thousands of years throughout asia, it was only developed and bred a few hundred years ago and didn’t arrive in western culture until the 1800s. this limits the number of potential meanings for the bleeding heart, giving it a more focused purpose.",celebrate with the bleeding heart by: inserting sprigs of the flower into wedding bouquets and table decorations exchanging flowers with your spouse or partner on valentine’s day giving a potted plant to a friend after a bad breakup memorializing a lost loved one with pure white bleeding hearts the bleeding heart flower’s message is… even sorrow can lead to beauty if you are willing to deal with your emotions. watch out for scorned love and save your affections for someone who appreciates and returns them instead.,Dicentra
Buttercup,"the buttercup flower is more than a kid’s flower and has symbolism of its own. under normal circumstances, the buttercup means: humility neatness childishness “your charm dazzles me.”",buttercups are appropriate for informal entertaining and gift giving. consider buttercups in combination with other wildflowers for these special occasions. welcome home celebrations housewarmings friendship bouquets family reunions the buttercup flower’s message is: the buttercup flower’s message is typically one of joy and cheerfulness and is especially appropriate for those who love wildflowers.the buttercup can be seen as a symbol of goodwill towards the recipient. buttercups can be tucked into vases with daisies and other wildflowers to add bright color to the bouquet.,Ranunculus
Cactus,"the elusive and surprising cactus flower means lust and sexual attraction between two people the power and loneliness of the desert enduring all things, no matter how painful or difficult protection from danger and threats warmth and care, especially from a mother to a child chastity and abstinence from physical contact","don’t be afraid to give a blooming cactus as a gift for your child’s birthday, as long as they can restrain the urge to feel the spines inspiring a friend who is facing their own metaphorical or literal journey into the desert celebrating a recovery from addiction or physical injury reminding yourself to thrive in your environment instead of just surviving. the cactus flower’s message is… the cactus flower’s message is don’t let the world bring you down. everything you need is inside you, and you too can produce beautiful things in the middle of an empty desert.",
Calla Lily Meaning.Txt,"this flower is not technically part of the real lily family. instead, it’s a different type of flower with a bloom similar to other true lilies. the most common meanings of this bloom include magnificent and overwhelming beauty, in the classic victorian language of the flowers and the ancient greek tradition resurrection and rebirth, since the plant returns each year after the winter faith and purity, especially in the christian religions overcoming challenges, since the cut flowers can start regrowing in a vase and survive frosts the liveliness and innocence of youth.","calla lilies make appropriate gifts for many religious holidays due to the associations with the virgin mary and jesus. aside from those occasions, consider giving the gift of the flowers for the birth of a new baby or a child’s birthday. you can also try celebrating a loved one’s success at work with a bunch of orange or yellow blooms. the calla lily flower’s message is… the calla lily flower’s message is to focus on the beauty around you, and remember that it will return even if it disappears for a season. hold onto your innocence and grace as you move through the world and conquer your challenges.",
Camellia,the camellia flower speaks to the heart and expresses positive feelings. it’s most common meanings are: desire or passion refinement perfection & excellence faithfulness & longevity,,
Carnation,"what a carnation means depends on the circumstances and the color symbolism of the bloom, but there are some common meanings that apply to all carnations. love fascination distinction","carnations are appropriate for nearly any occasion, as they are a symbol of both love and distinction. carnation in the school colors are often presented to graduates or recipients of academic and sports awards. pink carnations are popular for mother’s day while the green carnation is prized on st. patrick’s day. the carnation flower’s message is… the carnation flower’s message is as individual as the recipient is. while they all symbolize love, distinction and fascination, you can tailor your message by the color you choose.",Dianthus
Chrysanthemum,"as a bloom of great importance, the chrysanthemum symbolizes concepts like: lasting friendship and non-romantic affection support from your family and loved ones cheerfulness and good spirits, including cheering up a sad person rest and recovery after a long trial or challenge enduring life and rebirth, especially the birth of a child loyalty and devotion, both romantic and platonic",,Chrysanthemum
Columbine,"what does the columbine flower mean? not surprisingly, the columbine flower means different things to different cultures. the ancient greeks and romans attributed this plant to aphrodite, the goddess of love. other meanings include: the fool – the columbine flower is thought to resemble the hat of a court jester three columbine flowers in one composition symbolizes faith, hope and love the victorian meaning of columbine is: resolved to win",,Aquilegia
Crocus,the crocus is a symbol of . . . cheerfulness gladness youthfulness mirthfulness glee the crocus flower is primarily associated with the mirthfulness and glee associated with youth. this flower has an uplifting and cheerful affect.,the crocus is the perfect flower for spring bouquets and is appropriate as a gift between friends or to celebrate birthdays and other special occasions. it is an appropriate flower for young girls. the crocus flower’s message is: the crocus flower’s message is one of joy and cheerfulness that celebrates the return of spring.,
Daffodil,"while the daffodil’s primary symbolism is that of new beginnings, rebirth and the coming of spring, it has many others. some of the most common meanings for the daffodil flower are: creativity inspiration renewal and vitality awareness and inner reflection memory forgiveness",,Narcissus
Dahlia,"the common dahlia symbolizes staying graceful under pressure, especially in challenging situations drawing upon inner strength to succeed traveling and making a major life change in a positive way standing out from the crowd and following your own unique path staying kind despite being tested by certain life events finding a balance between adventure and relaxation commitment to another person or a certain ideal warning someone about a potential betrayal. of course, the meaning of an individual dahlia bloom is also dependent on its color.",,
Daisy,"at first, it can seem that there can be as many meanings for daisies as there are species of daisies. however, the most generally accepted meanings are: innocence, especially with white daisies with yellow or pale centers. purity – also shown by daisies that are as white as possible. new beginnings, which is why they are often found in bouquets for new mothers or as gifts for children. true love – because each daisy flower is really two flowers blended together in harmony. that the sender can keep a secret. keeping a secret is one way a person can exhibit that they truly love another. entomological meaning of the daisy flower the modern english word daisy comes from an old english word that’s impossible to spell and next to impossible to pronounce. the important thing is that the old english word meant “day’s eye” because daisy flowers only opened during the daytime. “daisy” also became a slang word for something of excellent quality, as shown in books printed in the early 1800s. over the generations, “that’s a daisy” became changed to “that’s a doozy.” symbolism of the daisy flower in modern paganism, daisies symbolize the sun just because they seem to appear like stars or suns. in victorian times, different species of daisies symbolized different things: michaelmas daisy (aster amellus) symbolizes a farewell or a departure. gerber daises (those in the gerbera genera) symbolize cheerfulness. they were often paired with ferns, which symbolize sincerity. english daisy (bellis perennis) symbolizes innocence. they were often paired with primroses, which is a symbol for childhood and/or moss, which symbolized mother love. the daisy flower facts a single daisy flower is actually made up of two separate flowers. the center petals are one flower surrounded by the “rays” of another flower. daisies grow all year round. daisies are naturally resistant to many plant diseases and pests, which makes them perfect flowers for new gardeners. unfortunately, the english daisy (bellis perennis) is considered a stubborn weed in north american lawns. meaningful botanical characteristics of the daisy flower for centuries, children and really bored child minders have used daisies in order to make daisy chains. daisy leaves are edible. some people add them to their salads. wild daisy tea is said to be good for ailments of the throat, for putting on open wounds and as a “blood purifier” (whatever that means) but there aren’t any clinical studies to back up these traditional claims. people who are allergic to ragweed are very likely to also be allergic to daisies or any products made from daisies. the daisy flowers message is… the daisy’s message is, ultimately, one of hope and renewal. in sending daisies, the sender hopes the viewer will see the world as they once did as a child. just be sure not to send daisies to anyone with ragweed allergies.",,Leucanthemum
Dandelion,"the common and humble dandelion has a surprising amount of different meanings. the dandelion means: healing from emotional pain and physical injury alike intelligence, especially in an emotional and spiritual sense the warmth and power of the rising sun surviving through all challenges and difficulties long lasting happiness and youthful joy getting your wish fulfilled since the dandelion can thrive in difficult conditions, it is no wonder that people say the flower symbolizes the ability to rise above life’s challenges.","gather up a small informal bouquet of dandelions from your yard for occasions like: celebrating the return of summer overcoming an obstacle, especially by using your innate intelligence trying to connect with the sun and its power celebrating any event that brings joy and the energy of youth into your life the dandelion flower’s message is… the dandelion flower’s message is do not give up, even if those around you keep trying to get rid of you. stick it out and remember the cheerfulness of a sunny summer’s day when things seem bleak or dark.",
Delphinium.Txt,"this member of the buttercup family doesn’t sport the same cheery yellow color, but it’s still important in mythology and modern symbolism alike. the delphinium means reaching for your goals and striving achieve it all expanding your options and attracting new opportunities july birthdays protection against dangers, specifically scorpions in ancient lore openness to new emotions and feelings, in a romantic sense enjoying the lighter side of life, even when troubles get you down celebrating practically anything positive.","grab a few dark blue larkspurs when you want to encourage a family member to try their best at a test or job interview. if you know someone with a july birthday, these flowers make the perfect gift since it’s the birth flower of that month. the delphinium flower’s message is… the delphinium flower’s message is protect yourself from the dangers of life so nothing stands in the way of your success.",
Dogwood,"none of the dogwood species currently growing are native to the middle east where christianity first developed. however, the same symbolism is generally applied to all types of dogwoods regardless of native status. this tree means: rebirth and resurrection, particularly through the story of jesus christ christianity as a whole pity and regret over a specific decision or a situation that was beyond your control durability and reliability strength and resilience purity, especially in a religious or spiritual sense a signal of affection to someone who may not reciprocate it many cultures have interacted with tree for medicine or woodworking, yet there is relatively little symbolism related to this tree except for the christian lore regarding it.","dogwood flowers are perfect for: recognizing a religious milestone like first communion, baptism, or confirmation celebrating easter and other christian holidays teaching children about the crucifixion offering your condolences to a family after a death giving to someone that might not return your feelings, especially in cases where roses and other love flowers are too direct the dogwood flower’s message is… after all, i don’t see why i am always asking for private, individual, selfish miracles when every year there are miracles like white dogwood. – anne morrow lindbergh",Cornus
Edelweiss,"the edelweiss is a flower that means notoriety in its complete essence. it’s prized where it naturally grows and is created to be a symbol by its local region because it’s only obtained by a few when it lies waiting in its natural habitat. it, therefore, captivates the symbolic qualities of adventure and great sacrifice.","should the man be brave and stout, an edelweiss might be the right flower to profess his love. this flower can be a great symbol of love when daring men take hold of the mountains and elevate there way through dangers of falling and inclement weather. the lucky women found to be the reason for such an occasion will surely know the honor of the man seeking to impress her. this flower could also have been given to soothe the body of diphtheria or tuberculosis. when taken as a tea, these ailments are given relief and was a gesture of good faith had it been giving to you during sickness. the edelweiss flower’s message is: a plant that is of honorable qualities, the edelweiss, which makes its seeker climb and its lover woo. its nobility is found in its upbringing: rare and where only few can surely get to.",
Eustoma Flower.Txt,the eustoma is a potent symbol with primarily modern meanings. this blossom means a long and happy life contentment and peace with what you already have appreciation for peace and joy in your life heartfelt emotions towards someone else friendliness and congeniality portraying an air of charisma and charm admiration for a supportive or loving friend sweetness and kindness towards others and yourself the desire to be more outgoing.,"grab a small bouquet of eustoma when you’re ready to celebrate the love you have for a friend or as a birth flower. of course, the red and pink varieties also work for deep affection on a romantic level. it’s also a nice gift to give after someone uses their social skills to earn a promotion or get a new job. the eustoma flower’s message is… focus on what you already have that brings you joy. build up your social skills to gain more power in the world around you without taking advantage of others, and create strong bonds with those that you love.",
Frangipani,"a few different cultures have assigned meanings to the frangipani flower, including modern american culture. these meanings include: the strength to withstand tough challenges connecting with spirits and ghosts welcoming guests and inviting them to stay, due to its use in hawaiian leis intense love and a lasting bond between two people immortality and spiritual devotion spread over multiple lifetimes the mayans and other mesoamericans held this flower in very high esteem, as evidenced by the extensive carvings and paintings found that feature the blooms. however, it’s not currently known what exactly the plumeria means to them. the flower is still used today in religious rituals from hindu, buddhist, balinese, and swahili cultures.","give the gift of a fragrant frangipani for: weddings, especially between two very compatible people cheering up a friend after a difficult time honoring the spirits of loved ones reminding yourself of the immortality of the soul the frangipani flower’s message is… the frangipani flower’s message is being delicate and beautiful doesn’t mean you are weak or incapable of rising to meet a challenge.",Plumeria
Freesia,the beautiful freesia has several related meanings. freesia blooms typically mean: innocence thoughtfulness trust friendship sweetness,,
Gardenia,"in victorian times flowers were used to convey messages between people. when a person was unable to outright express their feelings of love for another, it was and still is a common practice to say it with flowers. while any type of flowering plant will do, if you want to express your love and devotion to someone but don’t want your identity to be known, the gardenia is the flower to give as a present. it signifies a secret love or an untold love. gardenias are also given to convey “you’re lovely”. used in this way, the gardenia is a flower that can be given to lovers, friends, and even family. it’s a way of telling them how lovely they are. and because the color of the gardenia is white, it also signifies purity. this flower is a wonderful addition to a wedding bouquet as it fits any color theme and it also brings the message of love and purity. other commonly associated meanings are: trust hope purity clarity dreams intuition renewal alignment friendship innocence protection self-reflection",,
Geranium Flower.Txt,"the geranium flower appears to have some conflicting meanings, which means you must rely on both the circumstances and their color to refine their meaning. some of the most common meanings are: folly or stupidity gentility ingenuity melancholy bridal favor unexpected meeting expected meeting preference true friendship",,
Gerbera,"the latin name for the gerbera daisy is gerbera jamesonii and is part of the large asteraceae family of flowers. 2 these daisies were named after the german botanist and doctor traugott gerber. also known as the transvaal daisy, a scotsman, robert jameson found these beauties growing wild around the dug up gold mines he was in charge of in transvaal, south africa and mr. jameson is credited with also discovering these flowers. symbolism in the gerbera daisy the symbolism of the gebera daisy is the simple beauty of a very happy life. throughout history, the gerbera daisy has symbolized the innocent hearts of children, attributed to the white gerbera, and, happiness and gratefulness for the life you have been given. the meaning is more energized then contentedness or mellowness. it is happiness that bubbles, fizzes and pops with joyous surprises. there is an energetic playfulness to these flowers, which is evident in all their radiant colors. these are not flowers for regrets. these flowers are a celebration of life! gerbera flower color meanings gerberas are available in rich reds, oranges, yellows peaches, creams and white and there a few distinct meanings including: the color meaning for orange is: sunshine of life red means: unconscious in love or fully immersed in love white: is a symbol of purity or innocence, childlike pink: admiration, adoration or high esteem yellow: cheerfulness meaningful botanical characteristics of the gerbera flower this is a herbaceous perennial from south africa which thrives in zones 8-10. gerbera daisies are well known for their ability to remove trichloroethylene, formaldehyde and benzene from the air. gerber daisies are also excellent for helping you to sleep because they continue to release a continuous stream of fresh oxygen through the evening hours, while other flowers slow down their oxygen production, gerberas will lull you right to sleep. one single flower sits atop each sturdy 12 to 18 inch hollow stem with a center disk of similar or contrasting colors. a white variety has a striking dark chocolate brown center. 4)breeding for color variations and forms began in the late 1800’s and from that point, there was no going back. gerbera flower interesting facts gerbera jamesonii is named after two different people from two different centuries: botanist and german doctor traugott gerber from the 18 th century and robert jameson a 19 th century botanist who formed the moodies gold mining and exploration company. on one of his journeys he ended up in south africa on a discovery trip and found the gerbera daisy near a excavated gold mine. out of the thousands of flowers of the world, gerberas are in the top five! gerberas always turn towards the sun. set up a camera for time lapse photography and watch in amazement as they turn to face the sun. is the birth flower for the month of april offer the gerbera flower on these occasions the gerbera would be a great gift for someone embarking on a major change in their life. a bouquet of peach, pink and red gerberas would energize them through the beginning stages of their adventure. a soft pink gerbera would be a perfect gift to welcome a new baby. the gerbera flower’s message is let happiness be your compass!",,
Gladiolus,"the gladiolus flower symbolizes honor and remembrance, but it has other meanings too. it can also symbolize the following: strength of character faithfulness, sincerity and integrity infatuation never giving up",,Gladiolus
Heather,"the heather flower’s meanings goes as far back as celtic and pre-celtic times. but, it has always had a few straightforward meanings including: independence good fortune good luck victorian meanings: purple equals beauty or worthy of admiration white equals luck/protection or fulfillment of a dream",,
Hibiscus,"although specific meanings for the hibiscus differ depending on the culture of the beholder, there are some generalities about what the hibiscus symbolizes. this is considered a very feminine flower and so is usually given or worn by women. in north america especially, a hibiscus means a perfect wife or woman. in victorian times, giving a hibiscus meant that the giver was acknowledging the receiver’s delicate beauty. in china, hibiscuses symbolize the fleeting and beauty of fame or personal glory. it is given to both men and women.",,Hibiscus
Hyacinth,sincerity (blue) victorian meaning is play or sport or engage in sport can also mean rashness (as in the behavior of the god zephyr) jealousy (yellow) purple can mean sorrow for a wrong committed,,Hyacinthus
Hydrangea,"the vigorously growing hydrangea shrub symbolizes diverse meanings including: heartfelt and honest emotions of any kind gratitude and thanksgiving to someone else developing a deeper understanding between two people heartlessness and acting without thinking about the feelings of another frigidity and disinterest in a romantic proposal boasting and bragging about false accomplishments abundance and prosperity grace and beauty, sometimes taken to an extreme of vanity and narcissism the 4th wedding anniversary for a couple with such mixed meanings behind one flower, it is important to pair hydrangeas with other flowers to make sure you get the right meaning across.","try giving the gift of hydrangeas for: weddings, engagements, and other unifying ceremonies sending a message of “no thanks” to a suitor asking someone for forgiveness and reconciliation celebrating your 4th wedding anniversary the hydrangea flower’s message is… being a rare beauty can lead to frigidness unless you express your true emotions. don’t inflate your ego with bragging, and stay humble to become prosperous.",Hydrangea
Iris,the iris means different things to different people and cultures. some of its most common meanings are royalty faith wisdom hope valor,,
Jasmine,"jasmine is a popular flower associated with love and romance. its showy white blooms and heavenly fragrance are ideal for moon gardens where lovers spend time whispering sweet nothings under the stars. as a cut flower, it fills the home with a relaxing scent perfect for drifting off to sleep. some gardeners prefer to plant jasmine outside the bedroom window to allow its fragrance to drift in on the night air. what does the jasmine flower mean? the jasmine flower is associated with love. jasmine also symbolizes beauty and sensuality. in some cultures, jasmine represents appreciation and good luck. when used in religious ceremonies jasmine represents purity. jasmine’s meanings varies depending on the culture and setting.",,Jasminum
Larkspur,love affection strong attachment lightness pure heart sweet disposition desire for laughter,"larkspur flowers are appropriate for many special occasions from birthdays to housewarmings. these flowers are often combined with other flowers in floral displays, making them suitable for family celebrations and other joyous occasions. the larkspur flower’s message is… the larkspur flower’s message is uplifting and joyous as these striking flowers add depth and dimension to floral displays.",Delphinium
Lavender,"lavender flowers are spike-like flowers composed of multiple, small purple flowers or “florets” on long narrow stems. they have been valued for centuries for their physical beauty, soothing fragrance, healing properties, and multitude of uses. in addition to these characteristics, lavender flowers also possess a unique meaning. what does the lavender flower mean? like all flowers, lavender flowers have common meanings. here is a list of some of the most common meanings for lavender flowers: purity silence devotion caution serenity grace calmness",,Lavandula
Lilac,"the lilac flower has many meanings, but most are related to expressing love or affection: in victorian times, giving a lilac meant that that the giver is trying to remind the receiver of a first love. lilacs can also express confidence that the giver has for the receiver. this makes lilacs a good gift for graduates. a sprig of lilacs, especially white lilacs, symbolizes innocence.",,Syringa
Lilly,"unlike most other flowers, the perennial lily never truly goes dormant. the strength and beauty of this international flower has cemented its place in the cultures of the world. with such an elegant look, it’s no wonder the flower means royalty, rebirth, and purity. explore this potent flower symbol to enrich your own life. what does the lily flower mean? the lily flower, in all its various forms, is commonly considered to mean: royalty and regal bearing motherhood and fertility purity and the beauty of youth passion and drive renewal and rebirth",,
Lisianthus Meaning.Txt,"lisianthus has plenty of different meanings to explore, such as being the birth flower of the sagittarius astrological sign the joining of two people for a lifelong bond expressing gratitude for a gift or favor from a friend showing someone how much appreciate them, especially for their social skills or warm personality trying to convince someone you’re charismatic and charming traditional values and old fashioned morals.","few flowers look as elegant as the lisianthus when used to make boutonnieres and corsages. try a bouquet of the blooms for thanking a friend instead of sending the usual card, or keep a few around to raise your spirits. the lisianthus flower’s message is… don’t forget to stay grateful for what you do have, and remember to express that thankfulness to those that help you. look for beauty everywhere you go to find the best in each day.",
Lotus,"the lotus is a delicate flower with many layered petals arrayed around a central core. a few different plants from separate families all make up this category, but they all have similar meanings when it comes to symbolism. the plants also look alike and share other characteristics like medicinal and edible value. in general, all the lotus flowers exude beauty and grace. most varieties grow in the water of ponds and creeks, lending them an otherworldly quality that makes them mystical enough for religious ceremonies. in the victorian flower language, the lotus represented eloquence. types of lotus blossoms flowers commonly called lotus around the world include: the egyptian lotus flower: with the scientific name of nymphaea caerula, the egyptian blue lotus is actually more accurately described as a water lily. these blooms sport light blue or purple petals and played an important role in spiritual events. the japanese lotus flower: also known as the sacred lotus in china, bali, and other tropical countries in asia, this plant’s scientific name is nelumbo nucifera. it is the flower you see being used as the seat of buddha and many hindu deities too. the american lotus flower: a bright yellow lotus, the nelumbo lutea, is native to north america and was used as a food crop by many native american tribes. it is not as well known symbolically as the other varieties, but it is still a beautiful addition to a water feature. other lotuses: most white and red lotus flower varieties also fall into the nymphaea water lily family. this means they held the most power in egyptian and other ancient asian cultures. lotus flower color meaning the color of the lotus certainly affects its general meaning as well. the white lotus flower and pink lotus flower from the nelumbo family are seen as meaning purity and devotion. more passionately colored red, purple, and blue lotus flower blooms can take on a spiritual meaning of ascension, enlightenment, or rebirth. a green lotus flower is a beautiful gift for anyone trying to improve their life and start good habits. spiritual and religious lotus flower symbolism aside from the victorian and contemporary meanings for the lotus, there is a wealth of symbolism tying these flowers to hinduism, buddhism, and the ancient egyptian’s religious practices. the ancient egyptians used the plant extensively as a symbol in the paintings and carvings left on the walls of temples and tombs. scholars believe the egyptians viewed the lotus as a symbol of rebirth because it appeared to sink at night and rise again in the morning. it is now known the plant simply loses old blooms and adds new ones on a daily cycle, but it is still a potent reminder of reincarnation and the mysteries of the afterlife. the priests and other religious leaders also brewed the flowers to make a tea with sedative and mild psychotropic effects, which heightened their sense for ritual work. the lotus meaning in hinduism is a little different. as ideas were exchanged with buddhists for thousands of years, hindu religious leaders began to use the flower as a symbol of peace and eternity. white lotus flowers are usually seen under the feet of deities like lakshmi, ganesha, and saraswati. brahma, the ultimate creator, emerges from a lotus as well. this sense of purity arises from the flower’s growing habit of rooting in mud and pushing up through the water to bloom. the flower’s meaning in buddhism is similar, but still unique again from the other meanings. the buddhist lotus represents: patience purity mysticism direct spiritual contact emptiness from desire victory over attachments enlightenment and the bodhi state love and compassion for all things self-awareness faithfulness during spiritual development rising out of suffering these deep spiritual meanings gave rise to a way of sitting known as the lotus position. the legs are crossed and tucked in a way that makes the bent knees look like the petals of a lotus. it is an important position in both buddhist meditation and hindu yoga practices. the soles of the feet are tucked away, which makes it a respectful position to sit in when visiting a temple where exposing the bottom of your feet is considered rude. another example is the use of the lotus in mandalas , which are spiritual and artistic representations of divine energies and meditation aids in buddhist traditions. edible and medicinal uses of the lotus flower aside from decorating thrones and acting as seats for enlightened beings, both main types of lotus are surprisingly useful for edible and medicinal purposes. the blue lotus family, or nymphaea, is useful for making a sedative tea that helps you beat insomnia without feeling drowsy the next day. the sacred lotus, or nelumbo family, is also grown for edible seeds and roots. the american version of the flower also primarily found use as a source of food. also, the lotus can be used by men 40-50 years old for the treatment of erectile dysfunction. according to researchers in the us and asia, lotus oil has a positive effect on the blood pressure in a man’s penis if you rub this oil into the penis shortly before intercourse. but the best and most effective means to improve the potency is still viagra. sildenafil (viagra) was synthesized by a group of pharmaceutical chemists working at pfizer’s sandwich, kent, research facility in england and patented in 1996. later on, a cheap generic viagra appeared on sale . today anyone can buy viagra online or in any available pharmacy with a prescription. the use of lotus for this purpose is a thing of the past. growing lotus flowers if you have a deep fountain, barely flowing creek, or healthy pond, you can try growing your own lotuses. pick from the various colors and bloom types of both true lotus and the similarly named water lilies at a reputable water plant nursery, then root them in pots or at the bottom of a muddy pond. make sure there is at least four inches of water over the top of the pot or mud and not much more than ten inches. you can plant them in the spring or fall, and there is no need for fertilizer or pruning. the plant will start growing vigorously when temperatures warm up to about 60 degrees f, then go dormant as winter arrives again. lotus flower tattoo meaning getting a lotus flower tattoo is a beautiful way to show your dedication to a hindu or buddhist faith. it is also a reminder to stay humble and focus on developing inner peace. you can also develop more balance in your life with a tattoo of this flower because the eight petals represent all eight parts of a spiritual path. a colorful or pure white lotus sends a message of gracefulness and love to everyone that sees it.",,Nelumbo
Magnolia,"magnolia meanings depend on the color of the flower and the immediate culture of the person giving and receiving the flowers. usually, magnolias are given as presents from men to women as if the men are saying, “you are worthy of a beautiful magnolia.” a magnolia often symbolizes yin, or the feminine side of life. white magnolias symbolize purity and dignity.",,Magnolia
Marigold,"aside from being an important part of any organic garden as a pest deterrent, the marigold has loftier meanings like: despair and grief over the loss of love the beauty and warmth of the rising sun winning the affections of someone through hard work creativity and the drive to succeed desire for wealth cruelty and coldness due to jealousy sacred offerings to the gods remembering and celebrating the dead promoting cheer and good relations in a relationship while the marigold has picked up a few negative connotations over the years, most of what it means remains positive in contemporary times.","grab a pot or vase of marigolds for: summer birthdays memorials for lost loved ones religious ceremonies expressing your jealousy when trapped in a love triangle encouraging someone else to reach their potential the marigold flower’s message is… even the humblest creations contain their own special beauty to share with the world. just like the sun returns in full each summer and hides away in the winter, you must find your own balance between shining and keeping your light under wraps.",Tagetes
Morning Glory,"ipomoea comes from the latin prefix ip meaning worm and homolas which means like. so this beautiful flower was name after it’s growth habit which is worm like. symbolism of the morning glory the morning glory has a number of meanings. the chinese folklore of this flower symbolizes that lovers may only meet on one special day out of the year. the story behind this is that two young people fell deeply in love neglecting all of their responsibilities. as more and more chores were ignored the heavens started to rumble with the gods dissatisfaction. so, they decreed that the lovers could meet just one day out of the year. morning glories also mean unrequited love. they can be found in victorian literature and on victorian gravestones to signify a love that never ended. conversely, it can mean that a potential love was never reciprocated. christians believed that the morning glory related directly to the finite nature of life on earth, each single flower representing one life and life being represented by the daylight hours of the sun, withering and finally dying by nightfall. morning glory flower color meanings morning glory flowers can be found in blue, purple, red, white and yellow and variations of these colors. some can be eight inches across; these are actually the familiar fragrant moon flowers found in many gardens. the color meaning of white symbolizes purity in the the morning glory while red symbolizes a strong heart. meaningful botanical characteristics of the morning glory flower morning glory seeds are used in chinese medicine to treat disorders of the lungs, kidneys and large intestine. they have a purgative effect and can reduce or clear phlem in the lungs. they can act as a diuretic for the kidneys which reduces swelling in the body. (2)if morning glory seeds are eaten a person could have a hallucinogenic episode similar to a lsd experience. the active ingredients in morning glory seeds are lysergic acid amide, a close relative to lsd. if necessary, the morning glory can be used to induce labor during pregnancy. the morning glory seeds were used in mexican culture in religious ceremonies to induce a dream like state in order to better commune with the gods. morning glories can be toxic and will cause nerve damage in larger doses than recommended. the flower and it’s stems, leaves and seeds must be used with great caution. the morning glory root was used by native americans to make a tea which was especially effective for coughs because of it’s ability to remove phlem. the leaves were powdered and dried and made into a tea to treat stomach problems and headaches. (3) morning glory wine can be made from the flower petals if they are soaked in purified cold water for about two weeks. the morning glory flower interesting facts one variety, the ipomoea quamoclit has cypress like leaves that are finely cut instead of the typical heart shaped leaves found on most ipomoeas the ipomoea lobata variety has red elongated flowers – that are a closed tubular form, not funnel or start shaped. there are about five to a stem that start out pure red then progressively get lighter and larger as you get closer to the bottom of the stem. the leaves are the heart shaped leaves of many morning glories the sweet potato is in the ipomoea family of plants offer the morning glory on these occasions i would offer the morning glory as a symbol to a person who needs some tenacity to go after their dreams. morning glories take each twist and turn in the road (or on the trellis!) in their stride and just keep on going. this is the key to their success. morning glories are also the birth flower for those born in september. i would offer them for september birthdays either as a potted plant or maybe a diary with an embossed design of a morning glory on it. the morning glory flower’s message tenacity and tenderness in all things, be gentle but strong in your endeavors with other people, animals and nature. above all hold fast to your goals.",,
Myrtle Flower.Txt,the myrtle flower meaning is similar across culture cultures and across the centuries. it typically means: good luck in love in marriage chastity marital fidelity good luck prosperity,"myrtle flowers are appropriate for weddings, communions and christenings as they are a symbol for both fidelity and love and for chastity. when added to other flowers they can be used for nearly any occasion to wish the recipient luck and prosperity. the myrtle flower’s message is… the myrtle flower’s message is primarily one of love, making it a favorite for bridal bouquets and wedding arrangements. although they are not the official birth flower of any particular month, they are also suitable or birthday bouquets.",
Narcissus,"since both narcissus and daffodils are technically the same flower, their meanings overlap as well. these flowers are usually considered a symbol of: prosperity and wealth, especially in the future march birthdays, as the birth flower of the month the arrival of spring rebirth and renewal good luck and happiness future misfortune narcissism and egotism the austerity and challenges of lent clarity and inspiration the chinese new year not all of the narcissus meanings are strictly positive. you can tell a friend you’re hoping for their success with a potted plant, or you can warn them about an ego that’s growing out of control.","there’s a flower for every occasion. pick a few daffodils or narcissus for events like: cheering up a friend or family member after loss reminding someone that spring is on its way encouraging recovery from an illness or period of depression graduation or a first job, due to the association with gaining wealth in the future baby showers and birth celebrations the narcissus flower’s message is… nothing bad can last forever because spring is always just around the corner. you can recover from anything if you focus on the positive, and good things are already on their way to you.",
Orchid,the orchid has been held in high regard since ancient times. it symbolizes love beauty fertility refinement thoughtfulness charm,,
Peace Flower.Txt,"even though the meanings behind the various flowers have largely fallen out of common knowledge, it’s still possible to bring this nostalgic practice to modern relationships. a full bouquet. nothing says grand gesture like sending someone a full bouquet at home or work. try mixing a few other flowers with relevant meanings in for a special touch. a single flower. leaving a single bloom of one of these flowers for the recipient to find is an understated take on this tradition. a live plant. giving someone a live plant that represents peace means they can plant the flower and be reminded of peace and your thoughtfulness every time they see it.",,
Peony,"the peony is mainly known for representing ideas and values like: honor, especially for people who are bringing honor to their entire family through success wealth and riches romance and romantic love, with a particular focus on love between two strangers beauty in all forms bashfulness and shame",,Paeonia
Periwinkle Flower.Txt,"the common periwinkle evokes feelings of blossoming friendship that is still in its first stages reminiscing about pleasant memories shared with a friend or relative reaching your full potential and achieving your dreams existence throughout eternity, and extending your time with what you love everlasting love the purity and strength of the virgin mary.",,
Petunia.Txt,"the meaning of petunias can be contradictory, leading to some confusion – but remember the meaning of any flower depends on the circumstances and the relationship between the giver and the recipient. petunia flower meaning is also affected by the color of the flowers. some commonly accepted meanings for petunia flowers include: anger resentment being with you is soothing","potted petunias are appropriate for housewarmings or as hostess gifts. they are often presented at mother’s day or other spring celebrations. they are appropriate for promotions, graduations and other achievements, and make an excellent gift for gardeners as the plants will produce abundant flowers from spring until frost. the petunia flower’s message is… the petunia flower’s message depends on the circumstances. they make a thoughtful gift for those who enjoy outside flowers, but are not practical for an inside display for more than a few days. consider potted petunias as hostess gifts or present them to someone who has just moved into the neighborhood.",
Plumeria,"the plumeria flower has a rich history that includes a wide variety of meanings, including: charm grace new life or birth new beginnings or creation spring beauty",,
Poppy,"for many cultures, the poppy is a symbol of: restful sleep and recovery consolation for a loss or death in the family remembering the fallen of various wars and armed conflicts a lively imagination peace in death messages delivered in dreams resurrection and eternal life beauty and success extravagance and luxury the symbolism of the poppy varies greatly from country to country, but most of them share at least one or two common meanings for this particular flower.","since the flowers are large, cup-shaped, and colorful, poppy bouquets and sprays look impressive. give the gift of the poppy for occasions like: funerals and memorial services, especially for soldiers that pass away while serving or veterans encouraging better sleep in friends and family members experiencing insomnia making an offering to the dead by leaving the flowers on graves or tombs sending a sign of your love to a spouse or romantic interest setting up a luxurious atmosphere for a specific event the poppy flower’s message is… remember those who have passed away to protect you and all that you love. develop your own sense of inner peace so you can rest at night and get all the sleep you need. honor the dead and cultivate your imagination for a richer life.",Papaver
Protea,"what the protea flower means depends on the circumstances and the relationship between the giver and receiver, but there are some commonly agreed upon meanings for the protea flower. diversity daring transformation courage","some varieties of protea flowers make a delightful backdrop for other more showy flowers, while some take center stage as a cut flower. they can be used in bridal bouquets or wedding décor, at special celebrations, and for birthdays and other special events. the protea flower’s message varies according to the setting, but one thing is for sure, these striking flowers aren’t likely to be forgotten. to make a lasting impression, try adding protea flowers to floral displays and arrangements or send them to that special someone on your list.",
Ranunculus Flower.Txt,"while many flowers have multiple meanings, the ranunculus flower does not. it means: radiant charm you are charming you are attractive",,
Rose,"the rose has many meanings which vary depending on its color. however any rose can be commonly seen as a symbol of: love honor faith beauty balance passion wisdom intrigue devotion sensuality timelessness in addition to being one of the most popular flowers commercialized and grown today, you will often find rose tattoos on women and men as an expression of timeless beauty and other vivid meanings.",,Rosa
Sampaguita,"love fidelity devotion dedication purity divine hope the sampaguita flower is considered the flower of love in many south asian countries, indonesia and the philippines. it is used in wedding and religious ceremonies to symbolize love, devotion, purity and divine hope.","sampaquita flowers are appropriate for weddings and other religious ceremonies, but can also be included in floral bouquets presented to mothers, grandmothers and close female friends to express love and dedication. a bouquet of sampaquita flowers in the bedroom or dining area sets the mood for love and romance. the sampaguita flower’s message is: the sampaguita flower’s message is one of love and devotion and are sure to be appreciated by the special women in your life.",Jasminum sambac
Snapdragon,"snapdragons possess two meanings. this is similar to the mythical creature they resemble, revered in some cultures and feared in others: a snapdragon means grace and, due to its growth in rocky areas, strength. however, it can also symbolize deviousness.",,Antirrhinum
Snowdrop,the snowdrop flower has several meanings depending on the context. the most common meanings are: purity hope rebirth consolation or sympathy,"snowdrops are appropriate either as an expression of sympathy or as an expression of celebration. when presented to a wedding party, a floral display with snowdrops speaks of optimism and hope. they symbolize sympathy when given on a solemn occasion such as after death, loss or misfortune. the snowdrop flower’s message is: the snowdrop flower’s message is typically positive, signifying hope, rebirth and a bright future.",
Star Of Bethlehem Meaning.Txt,"the star of bethlehem flower is associated with the birth of christ and symbolizes the traits of jesus. innocence purity honesty hope forgiveness it is often used in religious ceremonies as a symbol of the christ child, but it can be used for other occasions, too.","the star of bethlehem flower is appropriate in nearly any floral arrangement from weddings and christenings to birthdays and anniversaries. the star of bethlehem flower’s message is… the star of bethlehem flower’s message carries with it hope for the future, innocence, purity, trust and honesty making it an ideal flower for adding to wedding décor and bridal bouquets.",
Stargazer Meaning.Txt,,"aside from a 30th anniversary, you should also invest in a bunch of stargazers when your family home needs a breath of fresh air due to a pessimistic atmosphere. keep a fresh vase of the flowers on your desk at work to stay motivated when working towards your future. finally, consider using this bloom to celebrate the graduation of a high school or college student. the stargazer flower’s message is… the stargazer flower’s message is to keep your eyes on the heavens instead of always staring at the ground. stay positive and watch as the world changes around you.",
Statice.Txt,"the meaning of the statice flower depends on the occasion or event, but there are some commonly accepted meanings for statice. remembrance sympathy success statice’s primary meaning is one of remembrance, making it a common flower in memorial wreaths and bouquets.","statice is a versatile flower that is appropriate for nearly any occasion, particularly when used as a filler in mixed floral arrangements. these flowers work well for reunions, get-togethers among old friends or for birthdays and other celebrations. they are common in funeral flowers or for memorial services, but they don’t need to be part of a solemn event, as they symbolize success as well as remembrance. tucked into floral arrangements to add delicate color, these flowers are right at home in office bouquets or for special events like graduations and other achievements. the statice flower’s message the statice flower’s message varies depending on the circumstances. while it can express sympathy and fond memories, it can also be a symbol for success. use the meaning of flower colors and the other flowers in the arrangement to guide you in choosing in a bouquet with statice flowers.",
Stock Flower.Txt,"the stock flower attracts attention for both its distinctive blossoms and the delicate and wonderful scent it releases. aside from its physical characteristics, this plant is popular as a symbol of a long life full of happiness and success contentment with your life the way it is right now beauty that doesn’t fade with age or time achieving paradise on earth dedicating oneself to a life of spiritual purity connecting with the world as one.","stock is ideal for first communions weddings anniversaries and birthdays positive life changes like relocations and new children. the stock flower’s message is… enjoy the life you have before it is gone. love and beauty and both eternal, if you believe in them.",
Tulip,"while it’s not the fanciest flower in the garden, the beauty and grace of a simple tulips means the flower has become a symbol for meanings like: perfect, enduring love between partners or family members undying passionate love, whether the passion is spurned or returned royalty and a regal nature forgotten or neglected love the 11th wedding anniversary abundance, prosperity, and indulgence charity and supporting the less fortunate",,Tulipa
Wisteria Flower.Txt,"wisteria has been growing in the eastern us and asia for centuries now, so it has accumulated plenty of contrasting and complementing meanings. some people believe the wisteria symbolizes good luck, especially for the start of a business or a new marriage welcoming someone to a new town or home celebrating the youthful vitality of a young friend or child expressing your affections after meeting someone special for the first time serious devotion, whether it’s to a cause or another person new births and spring birthdays wisteria isn’t a specific birth flower for any of the months, but many people associate it with march and april because it blooms during those months.","celebrate a new family member by sending in a bundle of blossoms, or give a blue wisteria as the “something blue” for the wedding tradition. the wisteria flower’s message is… the wisteria flower’s message is let good luck make your adventures go a little smoother. celebrate the new beginnings in life instead of focusing on the endings.",
Zinnia,"the zinnia flower has several meanings including thoughts of friends, endurance, daily remembrance, goodness and lasting affection. the victorian meaning of zinnias is thoughts of an absent friend of the heart lasting affection daily remembrance",,Zinnia
