scientific_name,name
Abelmoschus,Okra
Abies,Fir
Acacia,Wattle
Acer,Maple
Achillea,Yarrow
Acidosasa,
Aconitum, wolf's bane
Actinidia,kiwi
Actinocladum,
Actinostrobus,
Actinotus ,flannel-flower
Adiantum,maidenhair fern
Aechmea,
Aegilops,Goat Grass
Aegilops,Goatgrass
Aegle,Bael Fruit
Aegle,Indian bael
Aegle,milva
Aegle,vilvam
Aegle,Bael
Aegle,Belfruit Tree
Aegle,Golden Apple
Aerva,Pillow-weed
Aerva,kapokbush
Aerva,
Aesculus,Horse Chestnut
Aesculus,Buckeye
Agapanthus,African-lily
Agapanthus,blue agapanthus
Agapanthus,blue-lily
Agapanthus,lily-of-the-Nile
Agapanthus,
Agapanthus,
Agapanthus,
Agastache,
Agave,
Ageratum,ageratum
Ageratum,blue billygoat-weed
Ageratum,bluemink
Ageratum,flossflower
Ageratum,Mexican ageratum
Ageratum,
Aglaomorpha,
Aglaomorpha,
Aglaonema,
Agnesia,
Agonis,
Agonis,
Ajuga,bugle
Albizia,Mimosa
Alchemilla,lady's-mantle
Alchemilla,
Allium,Hooker's onion
Allium,tapertip onion
Allium,
Allium,Great Headed Garlic
Allium,
Allium,Bulb onion
Allium,common onion
Allium,onion
Allium,Basal
Allium,Cipolla
Allium,Lök
Allium,Ogba
Allium,Yangba
Allium,giant onion
Allium,lily leek
Allium,moly
Allium,yellow garlic
Allium,yellow onion
Allium,daffodil garlic
Allium,false garlic
Allium,flowering onion
Allium,Naples garlic
Allium,Naples onion
Allium,Neapolitan garlic
Allium,ophio garlic
Allium,rocambole
Allium,serpent garlic
Allium,Spanish garlic
Allium,Garlic
Allium,Ail
Allium,Ajo
Allium,Alho
Allium,Knoblauch
Allium,Maneul
Allium,Ninniku
Allium,Sarymsyk
Allium,fyrverkerilök
Allium,
Allium,
Allium,ball-head onion
Allium,round-head garlic
Allium,round-head leek
Allium,skägglök
Allium,crow garlic
Allium,false garlic
Allium,field garlic
Allium,stage garlic
Allium,wild garlic
Allium,wild onion
Almutaster,
Alnus,Alder
Alocasia,Ape
Alocasia,Giant alocasia
Alocasia,Giant Taro
Alocasia,Calalu
Alocasia,Elephant's Ear
Alocasia,Taro
Aloe,guinea-fowl aloe
Aloe,lace aloe
Aloe,long-awned aloe
Aloe,torch plant
Aloe,
Aloe,Common aloe
Aloe,true aloe
Aloe,Acibar
Aloe,Babosa
Aloe,Barbados Aloe
Aloe,Curaçao Aloe
Aloe,West Indian Aloe
Aloe,Echte Aloe
Alpinia,red-ginger
Alpinia,ginger-lily
Alpinia,alpinia
Alpinia,pink porcelain-lily
Alpinia,light galangal
Alpinia,shellflower
Alpinia,shell-ginger
Alstroemeria,Yellow alstroemeria
Alstroemeria,Peruvian-lily
Alstroemeria,Lily of the Incas
Alvimia,
Amaranthus,
Amaranthus,purple amaranth
Amaranthus,Guernsey pigweed
Amaranthus,livid amaranth
Amaranthus,slender amaranth
Amaranthus,foxtail
Amaranthus,foxtail amaranth
Amaranthus,Inca-wheat
Amaranthus,purple amaranth
Amaranthus,red-hot-cattail
Amaranthus,love-lies-bleeding
Amaranthus,velvet-flower
Amaranthus,tassel-flower
Amaranthus,
Amaranthus,red amaranth
Amaranthus,African-spinach
Amaranthus,blood amaranth
Amaranthus,bush greens
Amaranthus,caterpillar amaranth
Amaranthus,Indian-spinach
Amaranthus,panicled amaranth
Amaranthus,purple amaranth
Amaranthus,red shank
Amaranthus,Sudan-spinach
Amaranthus,Wild Amaranth
Amaranthus,lao ya guamarante
Amaranthus,amarante etalee
Amaranthus,bledo
Amaranthus,achita
Amaranthus,bredo
Amaranthus,Green pigweed
Amaranthus,Smooth amaranth
Amaranthus,Smooth pigweed
Amaranthus,Slim amaranth
Amaranthus,Prince-of-Wales-feather
Amaranthus,
Amaranthus,American pigweed
Amaranthus,common amaranth
Amaranthus,pigweed redroot
Amaranthus,carelessweed
Amaranthus,Amaranmthili Nut
Amaranthus,Garden Calalu
Amaranthus,Pigweed
Amaranthus,Amaranth
Amaranthus,Prickly Calalu
Amaranthus,Spiny amaranth
Amaranthus,pigweed
Amaranthus,Joseph's Coat
Amaranthus,Amaranto
Amaranthus,Chinese spinach
Amaranthus,xian math
Amaranthus,aupa
Amaranthus,slender amaranth
Amaryllis,Belladonna-lily
Amaryllis,Easter-lily
Amaryllis,Jersey-lily
Amaryllis,Belladonna
Ammi ,Bishop's Weed
Ammi ,bullwort
Ammi ,False bishop's weed
Ammi ,greater ammi
Ammi ,laceflower
Ammi ,lady's lace
Ammi ,khillah
Ammi ,
Ammi ,bisnaga
Ammi ,khella
Ammi ,lesser bishop's-weed
Ammi ,toothpick ammi
Ammi ,toothpick plant
Ammobium,winged everlasting
Ammobium,
Ampelocalamus,
Amsonia,bluestar
Amsonia,slimpod
Amsonia,Texas-star
Amsonia,Texas-Amsonie
Amsonia,amsonia
Amsonia,willow slimpod
Amsonia,eastern bluestar
Anacardium,
Anamirta ,fishberry
Anamirta ,Levantnut
Anamirta ,poison-berry
Anamirta ,tuba biji
Anamirta ,kockel-lian
Anamirta ,
Ananas,
Ananas,Pineapple
Ananas,
Anastatica,
Anemone,
Anemone,
Anemone,
Anemone,
Anemone,European thimblewood
Anemone,wood anemone
Anemone,European wood anemone
Anemone,
Anemone,yellow anemone
Anemone,Windflower
Anethum,Dill
Anethum,Garden Dill
Anethum,Fenouil
Anethum,Andro
Anethum,Enedlo
Anethum,Aneth
Anethum,Aneth Odorant
Anethum,Aneto
Anethum,Anis-Aleman
Anethum,Sowa 
Anethum,Dill
Angelonia  ,angelon
Anigozanthos,
Anigozanthos,
Anisacanthus,desert honeysuckle 
Anisacanthus,Thurber's desert honeysuckle
Anthericum  ,
Anthurium,flamingo-flower
Anthurium,flamingo- lily
Anthurium,oilcloth-flower
Anthurium,
Anthurium,benefice
Anthurium,mibi
Anthurium,seguine
Anthurium,ciguine
Anthurium,Tailflower
Antirrhinum,garden snapdragon
Antirrhinum,Snapdragon
Apoclada,
Aquilegia,columbine 
Aquilegia,European columbine
Arachniodes,
Arachnis,
Aralia,California-ginseng
Aralia,California-spikenard
Aralia,elk-clover
Aralia,western-spikenard	
Aralia,Manchurian-spikenard
Aralia,Chinese Angelica-tree
Aralia,Japanese angelica tree
Aralia,
Aralia,Spikenard
Araucaria,Bunya Bunya
Araucaria,Monkey Puzzle Tree
Araucaria,Moreton Bay Pine
Araucaria,New Caledonia Pine
Araucaria,Norflok Island Pine
Araucaria,Parana Pine
Arberella,
Arbutus ,Madrone
Arbutus ,Pacific Madrone 
Arbutus ,madrones
Areca,Betel nut
Areca,
Argyranthemum,dill daisy
Arrhenatherum,
Artabotrys,
Artemisia,Dragon
Artemisia,Dragoncillo
Artemisia,Estragon
Artemisia,Estragao
Artemisia,French tarragon
Artemisia,Polyn Estragon
Artemisia,Russian Tarragon
Artemisia,tarragon
Artemisia,green sagewort
Artemisia,wormwood
Artemisia,false tarragon
Artemisia,silky wormwood
Artemisia,sagebrush
Artemisia,wormwood
Artemisia,sagewort
Arthrostylidium,
Arum ,Italian arum	
Arum ,Italian cuckoo-pint
Arum ,Italian lords-and-ladies	
Arum ,
Arundinaria,Bamboo Shoots
Asclepias,bastard ipecacuana
Asclepias,bloodflower
Asclepias,bastard-ipecac
Asclepias, bloodflower milkweed
Asclepias,cottonbushort
Asclepias,false ipecac
Asclepias,Madagascar cottonbush
Asclepias,scarlet milkweed
Asclepias,wallflower cottonbush
Asclepias,wild ipecac
Asclepias,West Indian ipecacuana
Asclepias,swallowwort
Asclepias,swamp milkweed
Asclepias,rose milkweed
Asclepias,Milkweed
Asclepias,common milkweed
Asclepias,silkweed
Asclepias,silky swallowwort
Asclepias,"Virginia-silk, "
Asclepias,broadleaf milkweed
Asclepias,butterfly-weed
Asclepias,butterfly milkweed
Asclepias,chieger-flower
Asclepias,pleurisy-root
Asclepias,butterflyweed
Asparagus,African asparagus fern
Asparagus,
Asparagus,aspargo
Asparagus,klättersparris
Asparagus,garden asparagus
Asparagus,Asparagio
Asparagus,Asperge
Asparagus,Espargo
Asparagus,Sparris
Asparagus,
Asparagus,common asparagus fern
Asparagus,
Asparagus,flocksparris
Asparagus,
Aspidistra,barroomplant
Aspidistra,cast-iron plant
Aspidistra,
Asplenium,bird's-nest fern
Asplenium,nest fern
Asplenium,Hawai'i birdnest fern
Asplenium,spleenworts 
Astelia,pineapplegrass
Aster,Alpine aster
Aster,Blue Alpine Daisy
Aster,European Michaelmas daisy
Aster,Italian aster
Aster,Italian starwort
Aster,
Aster,smooth aster
Aster,aster
Aster,Tartarian aster
Aster,sea aster
Astilbe,
Astilbe,Chinese astilbe
Astilbe,tall false buck's-beard
Astilbe,false buck's-beard
Astilbe,Japanese astilbe
Astilbe,spiraea
Astilbe,
Astrantia,astrantia
Astrantia,greater masterwort
Astrantia,masterwort
Athroostachys,
Athrotaxis,
Athyrium,
Atractantha,
Atriplex,Saltbush
Aulonemia,
Austrocedrus,
Avena,Red Oat
Avena,Side Oat
Avena,Tree Oat
Avena,shofan
Avena,Oats
Azadirachta,Indian-Lilac
Azadirachta,Neem
Azadirachta,Neem Gum
Azadirachta,Nimtree
Azadirachta,
Baloskion ,
Bambusa,Bamboo
Banksia,Albany banksia
Banksia,scarlet banksia
Banksia,waratah banksia
Banksia,Hooker's banksia
Banksia,acorn banksia
Banksia,orange  banksia
Banksia,
Baptisia,baptisia
Baptisia,blue false indigo
Baptisia,blue wild indigo
Baptisia,
Bashania,
Beccariophoenix ,Manarano Palm
Beccariophoenix ,Rain Forest Coconut
Bellis,
Bergbambos,
Berzelia,
Berzelia,
Berzelia,
Beta ,Foliage Beet
Beta ,Field Beet
Beta ,Fodder Beet
Beta ,Red Beet
Beta ,"Beetroot, beta"
Betula,Paper Birch
Betula,European White Birch
Betula,Silver Birch
Betula,Weeping Birch
Betula,Birch
Bismarckia,Bismarckpalme
Bismarckia,satra
Bismarckia,satrabe
Bismarckia,satrana
Bismarckia,
Bonia,Bamboo
Borassus,borassus palm
Bougainvillea,
Bouvardia,
Brachythecium,
Brachythecium,
Bracteantha  ,
Brassica,Curly Kale
Brassica,Flowering Kale
Brassica,Ornamental Cabbage
Brassica,Scotch Kale
Brassica,Scottish Kale
Brassica,"Cabbage, Kale"
Brassica,Wild Cabbage
Brassica,
Brillantaisia,
Brillantaisia,
Briza,Quaking Grass
Brodiaea,California brodiaea
Brodiaea,Spring Starflower
Bromelia,
Broussonetia,
Brunia,
Brunia,
Brunia,
Buergersiochloa,
Bupleurum,sickle-leaf hare's-ear
Bupleurum,hare's-ear
Bupleurum,thouroughwax
Bupleurum,thorow-wax
Bupleurum,throw-wax
Bupleurum,
Buxus,littleleaf boxwood
Buxus,common box
Buxus,Boxwood
Cajanus,
Calamagrostis,Reed Grass
Calathea,
Calathea,
Calendula,Marigold
Calendula,Calendula
Calendula,Marigold
Calibrachoa,petunia
Calla,water arum
Calla,water dragon
Calla,bog arum
Calla,wild calla
Calla,wild calla-lilly
Calla,Callalily
Callicarpa,Beautyberry
Callicarpa,Mulberry
Callistemon,bottlebrush
Callistephus,annual-aster
Callistephus,China-aster
Callistephus,
Callitris,Pigmy Cypress Pine
Callitris,Rottnest Island Pine
Callitris,White Cypress Pine
Calluna ,Scotch Heather
Calocedrus,Incense Cedar
Calocedrus,Incense Cedar
Calochlaena,
Calochlaena,
Calotropis,bowstring-hemp
Calotropis,crownflower
Calotropis,crownplant
Calotropis,giant milkwood
Calotropis,giant-milkweed
Calotropis,
Calycanthus,Carolina-allspice
Calycanthus,spicebush
Calycanthus,strawberry-shrub
Calycanthus,sweetshrub
Calycanthus,eastern sweetshrub
Calycanthus,
Cambajuva,
Camellia,
Camellia,Assam tea 
Camellia,black tea
Camellia,common tea
Camellia,Green tea
Camellia,Japanese Tea
Camellia,teabush
Camellia,teaplant
Camellia,
Campanula,clustered bellflower
Campanula,Dane's blood
Campanula,Venus's looking-glass
Campanula,Canterbury-bells
Campanula,cup-and-saucer
Campanula,peach-bells
Campanula,peach-leaf bellflower
Campanula,willow bellflower
Campanula,willowbell
Campanula,bluebell-of-Scotland
Campanula,roundleaf harebell
Campanula,bluebell
Campanula,bluebell bellflower
Campanula,meadowbell
Campanula,Bellflower
Campuloclinium ,Pompom Weed
Capsicum,red capsicum
Capsicum,sweet pepper
Capsicum,gochu
Capsicum,La Liao
Capsicum,Greenhouse Pepper
Carduus,plumeless thistle
Carex,Michaux's sedge
Carex,sedge species
Carex,carex
Carex,sedge
Carex,sedges
Carpinus,
Carthamus,safflower
Carthamus,dyer's-saffron
Carthamus,false saffron
Carthamus,safflower
Carya,Hickory
Caryopteris,
Caryota,Fishtail Palm
Cassia,cassia
Castanea,Chestnut
Castanopsis,Japanese Chinquapin
Casuarina,Australian pine
Casuarina,common ironwood
Casuarina,horsetail casuarina
Casuarina,beach she-oak
Casuarina,Australian-pine
Casuarina,coast she-oak
Casuarina,Australian Pine
Catalpa,catalpa
Cathariostachys,
Caustis,foxtail-fern
Caustis,koala
Caustis,
Cedrus,deodar
Cedrus,deodar cedar
Cedrus,Himalayan cedar
Cedrus,Cyprus cedar
Cedrus,cedar of Lebanon
Cedrus,Cedar
Celosia,silver cock's comb
Celosia,cockscomb	
Celosia,amarante crête de coq
Celosia,célosie crête de coq	
Celosia,crested cock's comb
Celosia,
Celosia,
Celtis,hackberry
Cenchrus,sandbur
Centaurea,dusty miller 
Centaurea,bachelor's-button
Centaurea,Blue Bottle
Centaurea,bluebonnets
Centaurea,blue-poppy
Centaurea,brushes
Centaurea,cornflower
Centaurea,corn-pinks
Centaurea,garden cornflower
Centaurea,hurtickle
Centaurea,thimbles
Centaurea,thimbles
Centaurea,bighead knapweed
Centaurea,big yellow centaurea
Centaurea,big-headed knapweed
Centaurea,yellow cornflower
Centaurea,knapweed
Centaurea,star-thistle
Cercidiphyllum,
Cercis,Redbud
Chaenomeles,Flowering Quince
Chamaecyparis,Port Orford Cedar
Chamaecyparis,Lawson cedar
Chamaecyparis,Oregon Cedar
Chamaecyparis,ginger-pine
Chamaecyparis,Port Orford White Cedar
Chamaecyparis,Hinoki Cypress
Chamaecyparis,Cedar
Chamaecyparis,False cypress
Chamaecyparis,Faux cypress
Chamaecyparis,white cedar
Chamaecyparis,Atlantic White Cedar
Chamaecyparis,southern white-cedar
Chamaedaphne,leatherleaf 
Chamaedaphne,leatherleaf
Chamaedorea,cascade palm
Chamaedorea,cat palm
Chamaedorea,parlor palm
Chamaedorea,Tepejilote cambray
Chamaedorea,cauqui
Chamaedorea,
Chamaedorea,chamaedorea 
Chamelaucium,enmyrten
Chamelaucium,
Chamelaucium,Geraldton-wax
Chamelaucium,tallmyrten
Chasmanthe,African corn-flag
Chasmanthe,Aunt Eliza
Chasmanthe,African cornflag
Cheiranthus ,
Cheiranthus ,
Chelone,red turtlehead 
Chelone,turtlehead 
Chimonobambusa,Bamboo
Chimonobambusa,Bamboo Shoots
Chimonocalamus,
Chloothamnus,
Chlorophytum,spider plant
Chlorophytum,
Chlorophytum,chlorophytum 
Choisya,Mexican orange
Choisya,Mexican-orange
Choisya,Mexican-orangeblossom
Chrysalidocarpus ,
Chrysalidocarpus ,Madagascar palm
Chrysalidocarpus ,chrysalidocarpus palm
Chrysanthemum,
Chrysanthemum,crowndaisy
Chrysanthemum,
Chrysanthemum,Indian chrysanthemum
Chrysanthemum,daisy
Chrysanthemum,
Chrysanthemum,Chrysanthemum
Chrysanthemum,florist's daisy
Chrysanthemum,florist's chrysanthemum
Chrysothamnus,rabbitbrush 
Chusquea,
Cineraria,cineraria 
Cirsium,
Citrus,Citron
Cladophora ,Cladophora Ball
Cladophora ,Lake Ball
Cladophora ,Marimo Ball
Cladophora ,Moss Ball
Cladophora ,Mossimo
Clarkia,godetia
Clarkia,satin-flower
Clarkia,farewell to spring
Clarkia,fairyfan
Clematis,
Clematis,
Clematis,
Cleome,beeplant
Cleome,spider flower
Cleome,spiderflower
Cleyera,sakaki
Cleyera,hong dan bi
Cocculus,Carolina coralbead
Cocculus,Carolina moonseed
Cocculus,Carolina snailseed
Cocculus,coralbead
Cocculus,coralberry
Cocculus,redberry moonseed
Cocculus,laurel-leaf snailseed
Cocculus,queen coralbead
Cocculus,coralbead
Cochinchinochloa,
Cocos,Coconut
Cocos,Coconut Palm
Codariocalyx,tick trefoil
Codiaeum,
Codiaeum ,Croton Leaves
Coffea,coffee
Cola,Kola
Colanthelia,
Coleus,
Colocasia,cocoyam
Colocasia,Calalu
Colocasia,dasheen. Eddo
Colocasia,coco yam
Colocasia,wild taro
Colocasia,elephant's-ear
Colocasia,
Consolida,eastern larkspur
Consolida,rocket larkspur
Consolida,doubtful knight's spur
Consolida,doubtful knight
Consolida,field larkspur
Consolida,forking larkspur
Consolida,royal knight's-spur
Consolida,knight's-spur
Consolida,larkspur
Constantia,
Convallaria,lily-of-the-valley
Convallaria,European lily of the valley
Convallaria,lily of the valley
Convallaria,convallaria
Coprosma,creeping mirrorplant
Coprosma,looking-glass-bush
Coprosma,looking-glass-plant
Coprosma,New Zealand mirrorbush
Coprosma,tree-bedstraw
Coprosma,mirrorplant
Cordyline,cabbage-palm
Cordyline,cabbagetree
Cordyline,fountain-dracaena
Cordyline,giant-dracaena
Cordyline,grass-palm
Cordyline,New Zealand cabbagetree
Cordyline,palm-lily
Cordyline,
Cordyline,cordyline 
Cordyline,
Coreopsis,tickseed
Coreopsis,coreopsis
Cornus,Siberian dogwood
Cornus,Tartarian dogwood
Cornus,White dogwood
Cornus,red-osier dogwood
Cornus,dogwood
Cortaderia,Pampas Grass
Cortaderia,silver pampas grass
Cortaderia,Uruguayan pampasgrass
Cortaderia,Pampas grass
Corylus,Common Filbert
Corylus,European Filbert
Corylus,Common Hazelnut
Cosmos,
Cosmos,cosmos 
Costus  ,costus
Cotinus,European smoketree
Cotinus,fustet
Cotinus,smokebush
Cotinus,Venetian-sumac
Cotinus,wigtree
Cotinus,young fustic
Cotinus,smoketree 
Cotoneaster,
Craspedia,drumsticks
Craspedia,
Craspedia,
Crassula,
Crataegus,
Crocosmia,Autumn Gold
Crocosmia,Garden Montbretia
Crocosmia,crocosmia
Crocosmia,montbretia
Crossandra,firecracker-flower
Crossandra,firecracker-plant
Crossandra,
Croton,
Cryptochloa,
Cryptomeria,Japanese Cedar
Ctenanthe,
Cucurbita,"Common Gourd, Common Pumpkin"
Cunninghamia,
Cupressus,Arizona smooth cypress
Cupressus,Cuyamaca cypress
Cupressus,cedro
Cupressus,cedro blanco
Cupressus,Italian cypress
Cupressus,Mediterranean cypress
Cupressus,Cypress
Cupressus,Leyland cypress
Curculigo,palm-grass
Curculigo,curculigo 
Curcuma ,
Curcuma ,East Indian arrowroot 
Curcuma ,hidden-lily
Cyathea,black tree fern 
Cyathea,Tree Fern
Cyathea,helecho gigante 
Cycas,cycad
Cyclamen,
Cydonia,Quince
Cymbalaria,Kenilworth ivy
Cymbalaria,coliseum-ivy
Cymbalaria,ivy-leaf-toadflax
Cymbalaria,mother-of-thousands
Cymbalaria,Oxford-ivy
Cymbalaria,pennywort
Cymbalaria,wandering-sailor
Cymbalaria,
Cymbidium,Boat Orchid
Cynara,Globe Artichoke
Cynara,artichoke
Cynodon,Bermuda grass
Cynodon,common couch
Cynodon,green couch
Cynodon,Indian couch
Cynodon,plain couch
Cynodon,devilgrass
Cynodon,Cynodon
Cynodon,Bermudagrass
Cyperus,
Cyperus,papyrus 
Cyperus,Egyptian paperplant
Cyperus,"Papyrus, nutgrass"
Cyperus,flatsedge
Cypripedium,lady's slipper
Cyrtochloa,
Cyrtomium,Asian netvein hollyfern
Cyrtomium,netvein hollyfern
Cyrtomium,Asiatic holly fern
Cytisus,Scotch Broom
Dahlia,garden dahlia
Dahlia,pinnate dahlia
Dahlia,Georgine
Dahlia,Georgina
Dahlia,
Danae,alexandrialager
Danae,
Danaea,danafern
Daphne,daphne
Datura,
Daucus,carrot
Davallia,lacy hare's-foot fern
Davallia,
Davidsea,
Decaryochloa,
Delosperma,delosperma 
Delphinium,
Delphinium,
Delphinium,
Delphinium,Candle larkspur
Delphinium,alpine delphinium
Delphinium,Siberian larkspur
Delphinium,
Delphinium,
Delphinium,Larkspur
Dendranthema ,Mother's daisy
Dendranthema ,arctic daisy
Dendrobium,sekikoku
Dendrobium,vinterdendrobium
Dendrobium,
Dendrocalamus,Bamboo shoots
Dendrocalamus,Giant Bamboo
Descurainia,Flixweed
Descurainia,Tansy Mustard
Descurainia,pinnate tansymustard
Descurainia,flaxweed tansymustard
Descurainia,flixweed tansymustard
Descurainia,herb-sophia
Descurainia,tansymustard
Descurainia,herb sophia
Descurainia,tansy mustard
Desmostachya,
Diandrolyra,
Dianthus,Deptford pink
Dianthus,"grass pink, "
Dianthus,sweet-William
Dianthus,Border carnation
Dianthus,Clove Pink
Dianthus,Divine-flower
Dianthus,Gilly-flower
Dianthus,annual pink
Dianthus,China pink
Dianthus,dianthus
Dianthus,maiden pink
Dianthus,meadow pink
Dianthus,laced pink
Dianthus,cottage pink
Dianthus,garden pink
Dianthus,feathered pink
Dianthus,Carnation
Dianthus,Pinks
Dicentra,bleeding heart 
Dicentra,bleeding heart
Dicentra,Common bleeding hearts
Dichelostemma,fork-tooth ookow
Dichelostemma,ookow
Dichelostemma,snakelily 
Didymogonyx,
Dieffenbachia  ,
Digitalis,purple foxglove
Digitalis,foxglove 
Dimorphotheca,Cape marigold
Dinochloa,
Dipsacus,teasel
Diselma,
Doritis,
Doritis,
Doryanthes,giant-lily
Doryanthes,Gymea-lily
Doryanthes,
Dracaena,palmillo
Dracaena,doftdracena
Dracaena,fragrant dracaena
Dracaena,
Dracaena,kantdracena
Dracaena,dragontree
Dracaena,
Dracaena,song-of-India
Dracaena,Belgian evergreen
Dracaena,Lucky-bamboo
Dracaena,ribbonplant
Dracaena,
Dracaena,gold dust dracaena
Dracaena,spotted dracaena
Dracaena,
Dracunculus,
Dracunculus,common dracunculus
Drepanostachyum,Bamboo
Dryandra ,
Drynaria,
Drynaria,
Dypsis,yellow butterfly palm
Dypsis,areca palm
Dypsis,cane palm
Dypsis,golden-yellow palm
Dypsis,yellow palm
Dypsis ,Butterfly palm
Dypsis ,betefaka
Dypsis  ,Butterfly palm
Echeveria,molded-wax
Echeveria,agave-echeveria
Echeveria,Mexican snowball
Echeveria,Mexican-gem
Echeveria,pearl echeveria
Echeveria,white Mexican-rose
Echeveria,
Echinacea,eastern purple coneflower
Echinacea,purple coneflower
Echinacea,purple coneflower
Echinops,blue globe thistle
Echinops,small globe thistle
Echinops,southern globethistle
Echinops,globethistle 
Echinops,glandular globe thistle
Echinops,globe thistle
Echinops,great globe thistle
Echinopsis,
Ekmanochloa,
Elaeagnus,
Eleusine,Caracan Millet
Eleusine,Finger Millet
Elytrostachys,Bamboo
Epidendrum,star orchid 
Epigaea,trailing arbutus
Epiphyllum,Dutchman's-pipe cactus
Epiphyllum,Nopalillo criollo
Epiphyllum,climbing cactus
Epipremnum,devil's-ivy
Epipremnum,golden hunter's-robe
Epipremnum,golden pothos
Epipremnum,moneyplant
Epipremnum,tongavine 
Equisetum,Rough Horsetail
Equisetum,scouring horsetail
Equisetum,scouringrush
Equisetum,tall scouring-rush
Equisetum,western scouringrush
Equisetum,prêle d'hiver
Equisetum,scouringrush horsetail
Equisetum,horsetail
Equisetum,scouring rush
Equisetum,prêle
Equisetum,scouringrush
Eranthis,
Eremitis,
Eremocaulon,Bamboo
Eremurus,
Eremurus,
Eremurus,
Eremurus,
Eremurus,
Erica,heath
Erigeron,
Eriobotrya,
Eriophorum,
Eryngium,
Eryngium,panicaut des Alpes
Eryngium,Alpen-Mannstreu
Eryngium,alpmartorn
Eryngium,false coriander
Eryngium,fitweed
Eryngium,long coriander
Eryngium,Mexican coriander
Eryngium,spiritweed 
Eryngium,giant sea-holly
Eryngium,Miss Willmot's-ghost
Eryngium,tall eryngo
Eryngium,eryngo
Eryngium,sea-holly
Eryngium,seaside eryngo
Eryngium,blue eryngo
Eryngium,kok-bas
Eryngium,plains eryngo
Eryngium,eryngo
Erysimum,Aegean wallflower
Erysimum,wallflower
Erysimum,
Etlingera ,Torch Ginger
Eucalyptus,argyle-apple
Eucalyptus,mealy stringybark
Eucalyptus,Blue Gum
Eucalyptus,cider gum
Eucalyptus,narrow-leaf black peppermint
Eucalyptus,narrow-leaf peppermint
Eucalyptus,small-leaf peppermint
Eucalyptus,Australian-oak
Eucalyptus,browntop
Eucalyptus,browntop stringybark
Eucalyptus,messmate
Eucalyptus,messmate stringybark
Eucalyptus,kybean gum 
Eucalyptus,red-box
Eucalyptus,powdered gum
Eucalyptus,silver gum
Eucalyptus,silverleaf mountain gum
Eucalyptus,swamp messmate
Eucalyptus,swamp stringybark
Eucalyptus,swamp mahogany
Eucalyptus,robust eucalyptus
Eucalyptus,Eucalyptus
Eucalyptus,Gum Tree
Eucalyptus,
Eucalyptus,bastard-box
Eucalyptus,blue gum
Eucalyptus,flooded gum
Eucalyptus,forest redgum
Eucharis,Amazonlily
Eucomis,
Eucomis,
Eulalia,silky browntop
Eulalia,
Eupatorium  ,hemp agrimony
Eupatorium  ,
Eupatorium  ,
Eupatorium  ,
Eupatorium  ,thoroughwort 
Euphorbia,scarlet-plume
Euphorbia,ghostweed
Euphorbia,snow-on-the-mountain
Euphorbia,variegated spurge
Euphorbia,white-margin spurge
Euphorbia,Euphorbia
Euphorbia,Poinsettia
Euphorbia,Spurge
Euphorbia,
Eustoma,Lisianthus
Eustoma,showy prairie gentian
Eustoma,catchfly prairie-gentian
Eustoma,marsh-gentian
Eustoma,
Eustoma,showy prairiegentian
Eustoma,prairiegentian
Eustoma,prairie gentian
Evolvulus,
Fabiana,pichi pichi
Fabiana,
Fagus,
Fagus,Beech
Fargesia,Bamboo Shoots
Fargesia,Umbrella Bamboo
Fatsia,paperplant
Fatsia,glossy-leaf paperplant
Fatsia,"fatsi, fatsia"
Fatsia,
Fernandezia,
Ferrocalamus,bamboo
Festuca,
Ficus,
Filgueirasia,
Fimbribambusa,
Fitzroya,Alerce
Fitzroya,Chilean False Larch
Fitzroya,Patagonian cypress
Fokienia,
Forsythia,Golden Bells
Forsythia,showy forsythia
Fortunella,kumquat
Fraxinus,Ash
Freesia,
Freesia,common freesia
Freesia,
Fritillaria,imperial fritillary
Fritillaria,crown imperial
Fritillaria,chequered-lily
Fritillaria,fritillary
Fritillaria,Guinea-hen-flower
Fritillaria,snakehead fritillary
Fritillaria,Persian fritillary
Fritillaria,fritillaire de Perse
Fritillaria,Fritallaria
Fritillaria,mission bells
Froesiochloa,
Gaillardia,blanket-flower
Galax,beetleweed 
Galax,beetleweed 
Gaoligongshania,
Gardenia,Cape-jessamine
Gardenia,cape jasmine
Gardenia,
Gaultheria,
Gaultheria,Salal
Gaultheria,Shallon
Gaultheria,wintergreen
Gaultheria,snowberry
Gaylussacia,huckleberry
Gelidocalamus,
Genista,
Genista,broom
Gentiana,gentian
Gentiana,three-flower gentian
Geranium,geranium
Geranium,Cranesbill
Gerbera,African daisy
Gerbera,flame-ray daisy	
Gerbera,Transvaal daisy
Gerbera,veldt daisy	
Gerbera,Barberton Daisy
Gerbera,Transvaal Daisy
Gigantochloa,Bamboo
Gigantochloa,Bamboo Shoots
Gilia,rosy gilia
Gilia,
Gladiolus,Gladiolus
Gladiolus,Sword Lily
Gladiolus,
Glaziophyton,
Gleichenia,
Gloriosa,Glory Lily
Gloriosa,flame lily
Gloriosa,flame lily
Gloriosa,climbing-lily
Gloriosa,creeping-lily
Gloriosa,glory-lily
Glyptostrobus,
Goeppertia,
Gomphocarpus,balloon cottonbush
Gomphocarpus,bladderbush
Gomphocarpus,cottonbush
Gomphocarpus,narrow-leaf cottonbush
Gomphocarpus,
Gomphrena,common globe amaranth
Gomphrena,bachelor's-button
Gomphrena,pearly globe amaranth
Gomphrena,ball clover
Gomphrena,globe amaranth
Gossypium,cotton
Grammatophyllum,
Greslania,
Grevillea,
Guadua,bamboo
Gypsophila,bachelor's button
Gypsophila,babysbreath gypsophila
Gypsophila,babysbreath
Gypsophila,perfoliate baby's breath
Gypsophila,baby's breath
Gypsophila,creeping babysbreath
Gypsophila,Baby’s Breath
Haworthia,
Hebe,
Hebe,New Zealand hebe
Hedera,colchis ivy
Hedera,Persian Ivy
Hedera,English ivy
Hedera,ivy
Hedychium,
Helenium,common sneezeweed
Helenium,fall sneezeweed
Helenium,mountain sneezeweed
Helenium,bitterweed
Helenium,false sunflower
Helenium,sneezeweed
Helianthus,sunflower
Helianthus,girasol
Helianthus,girassol
Helianthus,girasole
Helianthus,tournesol
Helianthus,grand soleil
Helianthus,sunflower
Helichrysum,
Helichrysum,curryplant
Helichrysum,busketernell
Helichrysum,strawflower 
Heliconia,heliconia 
Heliconia,
Heliopsis,
Helleborus,setterwort 
Helleborus,
Helleborus,Black Helleborus
Helleborus,Christmas Rose
Helleborus,lenten-rose
Helleborus,Hellebore
Helleborus,green hellebore
Hibiscus,Hibiscus
Hibiscus,Kenaf
Hibiscus,Rose Mallow
Hibiscus,Rosemallow
Hickelia,
Hippeastrum,hippeastrum
Hippophae,seabuckthorn
Hippophae,seaberry
Hitchcockella,
Holttumochloa,
Hordeum,Barley
Hosta,plantain lily
Howea,Kentia Palm
Howea,Paradise Palm
Howea,Forster sentry palm
Howea,Sentry Palms
Hoya,porcelainflower
Hoya,
Hsuehochloa,
Hyacinthus,garden hyacinth
Hyacinthus,Hyacinth
Hydrangea,smooth hydrangea
Hydrangea,wild hydrangea
Hydrangea,French hydrangea
Hydrangea,panicled hydrangea
Hydrangea,hydrangea
Hydrangea,Hortensia
Hylotelephium,stonecrop 
Hypericum,tall tutsan
Hypericum,tutsan
Hypericum,sweet-amber
Hypericum,St. John's wort
Hypericum,common St. John's wort
Hypericum,Klamathweed
Hypericum,Klamath weed
Hypericum,St. Johnswort
Hypericum,common St. Johnswort
Hypericum,St. John’s Wort
Iberis,edging candytuft
Iberis,evergreen candytuft
Iberis,perennial candytuft
Iberis,candytuft
Ilex,English Holly
Ilex,box-leaf holly
Ilex,Japanese holly
Ilex,holly
Ilex,black-alder
Ilex,Virginia winterberry
Ilex,winterberry
Ilex,
Impatiens,
Indocalamus,Chinese cane
Indocalamus,Herklot's cane
Indosasa,Bamboo
Inga,
Ipomoea,Morning glory
Iris,flags
Iris,German Iris
Iris,orris
Iris,English Iris
Iris,
Ixia,African Corn Lily
Ixora,scarlet jungleflame
Ixora,
Jacobaea,silver ragwort
Jacobaea,dusty miller
Jacobaea,
Jasminum,Indian hasmine
Jasminum,needle-flower jasmine
Jasminum,Catalonian jasmine
Jasminum,royal jasmine
Jasminum,star jasmine
Jasminum,common jasmine
Jasminum,Echter jasmin
Jasminum,Gelsomino
Jasminum,Gersuminu
Jasminum,Jasmin
Jasminum,White Jasmine
Jasminum,Summer Jasmine
Jasminum,poet's jasmine
Jasminum,Arabian jasmine
Jasminum,Sambac jasmine
Jasminum,pikake
Jasminum,Jasmine
Jatropha,bottle-euphorbia
Jatropha,goutystalk nettlespurge 
Jatropha,nettlespurge
Juglans,Walnut
Juniperus,dwarf juniper
Juniperus,common juniper
Juniperus,genévrier commun
Juniperus,Cedar
Juniperus,Cedro
Juniperus,Juniper
Juniperus,Redcedar
Juniperus,Sabino
Juniperus,Cedar Eastern
Juniperus,Eastern Red Cedar
Juniperus,genévrier rouge
Juniperus,red cedar juniper
Juniperus,eastern redcedar
Kalanchoe,flaming katy
Kalanchoe,Madagascar widow's-thrill 
Kalanchoe,widow's-thrill
Kinabaluchloa,
Kniphofia,redhot poker
Kochia,common kochia
Kochia,fireweed
Kochia,Mexican burningbush
Kochia,Mexican fireweed
Kochia,summercypress
Kochia,Mexican-fireweed
Kochia,burningbush
Kochia,mock cypress
Kochia,molly
Koelreuteria,
Kuruna,
Lactuca,lettuce
Lagerstroemia,
Lagurus,harestail grass
Lagurus,hare's-tail
Lagurus,harestail grass
Lamium,deadnettle
Lantana,
Larix,Larch
Larix,Sikkim Larch
Lathyrus,Sweet pea
Lathyrus,peavine
Lathyrus,vetchling
Lathyrus,sweet pea
Latouchea,
Lavandula,English lavender
Lavandula,Lavender
Lavandula,Lavandula
Lavandula,French lavender
Lemurophoenix ,Red Lemur Palm
Leonotis,lion's ear
Leontopodium,
Leontopodium,
Lepidium,perennial pepperweed
Lepidium,broadleaved peppergrass
Lepidium,tall whitetop
Lepidium,Virginia pepperweed
Lepidium,broadleaf pepperweed
Lepidium,perennial peppercress
Lepidium,peppergrass mustard
Lepidium,broadleaved pepperweed
Lepidium,narrow-leaf pepperwort
Lepidium,roadside pepperweed
Lepidium,Whitetop
Lepidium,peppergrass
Lepidium,pepperwort
Lepidium,poorman pepperweed
Lepidium,poorman's pepperwort
Lepidium,peppergrass
Lepidium,poorman's pepper
Lepidium,Virginian peppercress
Lepidium,Virginia pepperweed
Leucadendron,Capesilvertree
Leucadendron,silvertree
Leucadendron,
Leucadendron,
Leucadendron,
Leucadendron,
Leucanthemella,Autumn Oxeye
Leucanthemella,Chrysanthème Tardif
Leucanthemella,Giant Daisy
Leucanthemella,High Daisy
Leucanthemella,Hungarian Daisy
Leucanthemella,Max-Chrysanthemum
Leucanthemella,Moon Daisy
Leucanthemella,Oktoberkrage
Leucanthemella,Shasta Daisy
Leucanthemella,Spätblühende Margerite
Leucanthemella,Spätblühende Wucherblume
Leucanthemum,daisy
Leucanthemum,leucanthemum
Leucanthemum,dog daisy
Leucanthemum,oxeye daisy
Leucanthemum,oxeye-daisy
Leucanthemum,oxeyedaisy
Leucanthemum,ox-eye daisy
Leucobryum,pincushion moss
Leucobryum,pillow moss
Leucobryum,
Leucocoryne,
Leucojum,loddon-lily
Leucojum,summer snowflake
Leucojum,snowflake
Leucospermum,
Leucospermum,red pincushion-protea 
Leucospermum,narrow leaf pincushion
Leucospermum,
Leucospermum,
Leucothoe,highland doghobble
Leucothoe,Fetterbush
Leucothoe,Switch Ivy
Leucothoe,leucothoe
Leucothoe,doghobble
Liatris,Blazing Star
Liatris,Button Snake Root
Liatris,Gay Feather
Liatris,gayfeather
Liatris,Blazing Star
Liatris,Button Snakewort
Liatris,dense blazing star
Liatris,florist gayfeather
Liatris,marsh blazingstar
Liatris,marsh gayfeather
Liatris,prairie-pine	
Libocedrus,
Licuala,ruffled fan palm
Licuala,
Ligustrum,Japanese privet
Ligustrum,California privet
Ligustrum,Garden privet
Ligustrum,Privet
Ligustrum,common privet
Ligustrum,European privet
Ligustrum,privet
Ligustrum,privet hedge
Ligustrum,wild privet
Lilaeopsis,
Lilium,gold-band lily
Lilium,golden-ray lily
Lilium,golden-ray lily of Japan
Lilium,mountain lily
Lilium,Canada lily
Lilium,meadow lily
Lilium,Turk's-cap lily
Lilium,wild meadow lily
Lilium,wild yellow lily
Lilium,yellow lily
Lilium,yellow-bell lily
Lilium,madonna lily
Lilium,white lily
Lilium,Chinese white lily
Lilium,Easter lily
Lilium,trumpet lily
Lilium,white trumpet lily
Lilium,Eureka lily
Lilium,Western lily
Lilium,lily
Limonium,
Limonium,wavyleaf sea lavender
Limonium,notchleaf sea-lavender
Limonium,perennial sea-lavender
Limonium,Statice
Limonium,"Lily, Sea Lavender"
Limonium,Statice
Limonium,common sea lavender
Limonium,marsh-rosemary
Limonium,Mediterranean sea lavender
Limonium,Mediterranean sealavender
Linaria,
Linaria,toadflax
Lindera,spicebush 
Linum,Flax
Linum,flax
Linum,Linseed
Liquidambar,Sweetgum
Liriope ,big blue lilyturf
Liriope ,mörk druvlilja
Liriope ,maegmundong
Liriope ,lilyturf
Lisianthius,
Litchi,Leechee
Litchi,Lychee
Lithachne,diente de perro
Lithodora,
Livistona,round-leaf fountain palm
Livistona,footstool palm
Livistona,fan palm
Lobelia,
Lonas,
Lonicera,box-leaf honeysuckle
Lonicera,privet honeysuckle
Lonicera,honeysuckle 
Lotus,Common Trefoil
Luffa,sponge gourd
Luffa,dishcloth gourd
Luffa,smooth luffa
Luffa,luffa
Luffa,vegetable sponge
Luffa,loofah
Lunaria,Annual Honesty
Lunaria,Moneyplant
Lunaria,
Lupinus,Lupin
Lupinus,Lupine
Lupinus,White Lupine
Lycopodium,clubmosses
Lycopodium,club moss
Lycopodium,clubmoss
Lygodium ,maidenhair creeper
Lygodium ,Old World climbing fern
Lygodium ,small leaf climbing fern
Lygodium ,small-leaved climbing fern
Lygodium ,small-leaf climbing fern
Lysimachia,creeping-Jenny
Lysimachia,moneywort
Lysimachia,loosestrife
Lysimachia,yellow loosestrife
Lysimachia,loosestrife
Lysimachia,willow-weed
Lysimachia,willowwort
Lysimachia,yellowloosestrife
Maackia,
Maclurochloa,Bamboo
Maclurolyra,Bamboo
Magnolia,
Magnolia,Bull Bay
Magnolia,Southern Magnolia
Magnolia,Magnolia
Maireana,
Maireana,
Mallotus,
Malus,paradise apple
Malus,Common apple
Malus,apple
Malus,Crabapple
Mangifera,Common Mango
Mangifera,Indian Mango
Mangifera,mango
Matricaria  ,Blue Chamomile
Matricaria  ,Camomila
Matricaria  ,Camomille Allemande
Matricaria  ,Camomille Vraie
Matricaria  ,Ecte Kamille
Matricaria  ,Hungarian Chamomile
Matricaria  ,Kamile
Matricaria  ,Kamomill
Matricaria  ,Manzanilla
Matricaria  ,Matricaire
Matricaria  ,Matricaria
Matricaria  ,Mu Ju
Matricaria  ,Scented Chamomile
Matricaria  ,Scented mayweed
Matricaria  ,Sweet False Chamomile
Matricaria  ,True Chamonile
Matricaria  ,German chamomile
Matricaria  ,crown mayweed
Matricaria  ,wild chamomile
Matricaria  ,German chamomile
Matricaria  ,mayweed
Matthiola,tenweeks stock
Matthiola,Brompton stock
Matthiola,common stock
Matthiola,gilly-flower
Matthiola,hoary stock
Matthiola,stock
Melaleuca,
Melia,
Melocalamus,Bamboo
Melocanna,
Mentha,Mint
Mentha,Peppermint
Merostachys,Bamboo
Metasequoia,Dawn Redwood
Micranthemum,mudflower 
Microbiota,
Mimosa,
Miscanthus,Zebra Grass
Mniochloa,
Mokara,
Molineria,palm-grass
Molineria,weevil-lily
Molineria,
Moluccella  ,bells-of-Ireland
Moluccella  ,molucca blam
Moluccella  ,shellflower
Moluccella  ,
Monarda,
Monstera,Balazos
Monstera,Banana de macaco
Monstera,Banana do brejo
Monstera,Banana do mato
Monstera,Cut Leaf Philodendron
Monstera,Fruit Salad Plant
Monstera,Großes fensterblatt
Monstera,Harpón
Monstera,Mexican Breadfruit
Monstera,Monstera
Monstera,Philondendron
Monstera,Piñanona monstera
Monstera,Swiss Cheese Plan
Monstera,
Morus,Common Mulberry
Muhlenbergia,
Mullerochloa,bamboo
Musa,Plantain
Musa,French plantain
Musa,edible banana
Musa,Plantain
Musa,
Musa,
Musa,banana
Muscari,Armenian grape-hyacinth
Muscari,common grape-hyacinth
Muscari,garden grape-hyacinth
Muscari,
Muscari,Grape Hyacinth
Myosotis,alpine forget-me-not
Myosotis,alpine forget-me-not
Myosotis,Asian forget-me-not
Myosotis,forget-me-not
Myriocladus,bamboo
Myrsine,African-boxwood
Myrsine,colicwood
Myrtus,myrtle 
Myrtus,
Nageia,
Narcissus,buttercup
Narcissus,common daffodil
Narcissus,trumpet narcissus
Narcissus,Tenby daffodil
Narcissus,wild daffodil
Narcissus,Daffodil
Narcissus,bunchflower daffodil
Narcissus,bunchflower narcissi
Narcissus,Chinese sacred-lily
Narcissus,cream daffodil
Nardus,
Nastus,bamboo
Nectaropetalum,
Nectaroscordum ,
Nectaroscordum ,
Nectaroscordum ,Sicilian Honey Garlic
Nectaroscordum ,Sicilian Honey Lily
Nectaroscordum ,Honey Lily
Nectaroscordum ,
Nelumbium,
Nelumbium,
Nelumbo,East Indian Lotus
Nelumbo,Flor de lotus
Nelumbo,Fève d'Egypte
Nelumbo,Indische lotosblume
Nelumbo,Indisk lotus
Nelumbo,Lian
Nelumbo,Loto Sagrado
Nelumbo,Lotus
Nelumbo,Lotus do egito
Nelumbo,Lotus Indien
Nelumbo,Lotus sacré
Nelumbo,Oriental Lotus
Nelumbo,lotus 
Neocallitropsis,
Neohouzeaua,bamboo
Neololeba,bamboo
Neomicrocalamus,
Nepenthes,Pitcher Plant
Nepenthes,Tropical Pitcher Plant
Nepeta,
Nephrolepis,
Nerine,
Nerine,
Nerine,
Nerine,
Nerine,Guernsey Lily
Nerium,Oleander
Nerium,Rose Bay
Nerium,Rose Laurel
Nerium,
Nianhochloa,bamboo
Nigella,jack-in-the-green
Nigella,love-in-a-mist
Nigella,wild fennel
Nigella,Black Caraway
Nigella,Fennel Flower
Nigella,Jack-in-the-Green
Nigella,Love-in-a-Mist
Nigella,Nutmeg Flower
Nipponanthemum,Hamagiku
Nipponanthemum,Nippon chrysanthemum
Nipponanthemum,Nippon daisy
Nipponanthemum,Nipponchrysantheme
Nothapodytes ,nothapodytes
Nothapodytes ,
Nuphar,cow-lily
Nuphar,yellow pond-lily
Nymphaea,water-lily
Ochlandra,Bamboo Wood
Ocimum,
Ocimum,basil
Ocimum,brush-leaf-tea
Ocimum,Holy basi
Ocimum,Sacred Basil
Oldeania,
Olea,Olive
Olea,Oliveleaf
Olea,small-fruit olive
Olea,Common Olive
Oligostachyum,
Olmeca,
Olyra,
Oncidium,dancing-lady orchid
Oreobambos,bamboo
Origanum,sweet marjoram
Origanum,Wild Marjoram
Origanum,
Origanum,oregano
Ornithogalum,Arabian starflower
Ornithogalum,lesser Cape-lily
Ornithogalum,orange stjärnlök
Ornithogalum,
Ornithogalum,giant chincherinchee
Ornithogalum,Transvaal chinkerinchee
Ornithogalum,Chincherinchee
Ornithogalum,Ornitogalum
Ornithogalum,Star of Bethlehem
Ornithogalum,Cape-lily
Ornithogalum,Pyrenees Star of Bethlehem
Ornithogalum,Star-of-Bethlehem
Ornithogalum,garden star-of-Bethlehem	
Oryza ,Asian Rice
Oryza ,Lowland Rice
Oryza ,Rice
Otatea,bamboo
Oxalis,wood sorrel
Oxalis,woodsorrel
Oxalis,azedinha
Oxalis,triangeloxalis
Oxypetalum,southern star
Oxypetalum,
Oxytenanthera,oxytenanthera
Ozothamnus,white-dogwood
Ozothamnus,riceflower
Ozothamnus,
Paeonia,Chinese peony
Paeonia,common peony
Paeonia,peony
Paeonia,mountain peony
Pandanus,pandan rampeh
Pandanus,pandan wangi
Pandanus,pandano
Pandanus,Baythoy
Pandanus,Screw pine
Pandanus,Bacua
Pandanus,Baquois
Pandanus,Hala
Pandanus,kadi
Pandanus,pandan
Pandanus,pandan pudak
Pandanus,pandano
Pandanus,Pandanuspalme
Pandanus,textile screw pine
Pandanus,thatch screw pine
Pandanus,vacouet
Pandanus,vacquois
Pandanus,Veitch screw pine
Panicum,Little Millet
Panicum,Millet Panic
Panicum,Panic Millet
Panicum,Proso Millet
Panicum,Millet
Papaver,Arctic poppy
Papaver,Icelandic poppy
Papaver,Oilseed Poppy
Papaver,Opium
Papaver,Opium Poppy
Papaver,Poppy
Papaver,Wild Poppy
Papaver,poppy
Paphiopedilum,Asian tropical lady’s slipper orchids
Paphiopedilum,Venus' slipper
Parabambusa,
Paranomus,
Paranomus,
Pariana,
Parianella,
Parrotia,ironwood 
Passiflora,
Passiflora,
Passiflora,passionflower
Pelargonium,Geranium
Pelargonium,pelargonium
Pennisetum ,
Pennisetum ,
Penstemon,
Pentas,
Perilla,
Perilla,
Pernettya,
Perovskia,
Perrierbambus,Bamboo
Persea,bay 
Persoonia,
Petunia,petunia
Phalaenopsis,doritis
Phalaenopsis,moth orchid
Phalaris,Canary Grass
Philadelphus,Mock Orange
Philodendron,
Philodendron,
Philotheca,Waxflower
Phlebodium ,Gold Foot Fern
Phlebodium ,Golden Polypody
Phlebodium ,golden polypody
Phlox,fall phlox
Phlox,fall-pink
Phlox,garden phlox
Phlox,panicled phlox
Phlox,phlox
Phoenix,Canary Island date palm
Phoenix,date palm
Phoenix,pygmy date palm
Phoenix,date palm
Phormium,phormium
Phormium,New Zealand flax
Phormium,New Zealand hemp
Photinia,Fraser’s Photinia
Photinia,Red Tip Photinia
Photinia,Redtip
Photinia,Japanese photinia
Photinia,Taiwanese photinia 
Photinia,chokeberry 
Phuphanochloa,
Phylica,
Phyllosasa,
Phyllostachys,Bamboo
Phyllostachys,Bamboo Shoots
Physalis,groundcherry
Physalis,ground cherry
Physocarpus,Atlantic Ninebark
Physocarpus,Ninebark
Physocarpus,
Physostegia,False Dragonhead
Physostegia,Obedient Plant
Phytolacca,pokeweed
Phytolacca,inkberry
Phytolacca,pigeonberry
Phytolacca,pokeberry
Phytolacca,common pokeweed
Phytolacca,phytolaque d'Amérique
Phytolacca,poke
Phytolacca,American pokeweed
Phytolacca,pokeweed
Picea,Spruce
Pieris,Japanese pieris
Pieris,lily-of-the-valley-bush
Pilgerodendron,
Pinga,
Pinus,knobcone pine
Pinus,chichonuda 
Pinus,ponderosa pine
Pinus,bull pine
Pinus,western yellow pine
Pinus,blackjack pine
Pinus,pinabete
Pinus,rock pine
Pinus,Norway Pine
Pinus,Red Pine
Pinus,Pine
Pinus,Eastern White Pine
Pinus,Northern White Pine
Pinus,Soft Pine
Pinus,Weymouth Pine
Pinus,Scots Pine
Piper,Betel Pepper
Piper,
Piper,Pepper
Piresia,Bamboo
Piresiella,Bamboo
Pistacia,
Pistacia,Pistachio
Pittosporum  ,
Pittosporum  ,cheesewood 
Pittosporum  ,kohuhu
Pittosporum  ,tawhiwhi 
Pittosporum  ,Australian-laurel
Pittosporum  ,Japanese cheesewood
Pittosporum  ,Japanese pittosporum
Pittosporum  ,mock orange
Platanus,sycamore
Platycladus,platycladus 
Pleioblastus,Bamboo
Plumeria,frangipani
Plumeria,pagoda-tree
Plumeria,red paucipan
Plumeria,red-jasmine
Plumeria,templetree
Plumeria,
Podocarpus,Plum Pine
Polianthes,polianthes 
Polianthes,Polyanthes
Polianthes,tuberose
Polianthes,Nardo común
Polygonatum,Eurasian Solomon's seal
Polygonatum,angular Solomon's-seal
Polygonatum,aromatic Solomon's-seal
Polygonatum,Solomon's seal
Polypodium ,
Polypodium ,polypody 
Polyscias,
Polystichum,Common Sword Fern
Polystichum,western swordfern 
Polystichum,Christmas fern
Polystichum,sword fern
Polystichum,hollyfern
Polystichum,holly fern
Populus,Cottonwood
Populus,Poplar
Premna,
Premna,
Prinsepia,
Protea,Bot River protea
Protea,king protea
Protea,bearded protea
Protea,queen protea
Protea,
Prunus,chokecherry
Prunus,plum
Pseudolarix,Chinese Golden-Larch
Pseudolarix,Golden Larch
Pseudosasa,Arrow Bamboo
Pseudosasa,Green Onion Bamboo
Pseudosasa,Tonkin Cane
Pseudostachyum,
Pseudotsuga,Douglas Fir
Pseudotsuga,red fir
Pseudotsuga,Douglas spruce
Pseudotsuga,Oregon pine
Pseudotsuga,Bigcone Douglas fir
Pseudotsuga,Bigcone Spruce
Pseudotsuga,Coastal Douglas Fir
Pseudotsuga,Douglas Fir
Pseudotsuga,Hemlock
Pseudotsuga,Oregon Pine
Pseudotsuga,Red Fir
Pseudoxytenanthera,
Psidium,Guava
Pteridium,bracken
Pteridium,bracken fern
Pteridium,brackenfern
Pteridium,northern bracken fern
Pteridium,western brackenfern
Pteridium,fougère des aigles
Pteridium,brake-fern
Pteridium,brackenfern
Pteridium,bracken ferns
Pterocarya,Wingnut
Ptilotus,
Ptilotus,
Ptychosperma,cluster palm
Ptychosperma,hurricane palm
Ptychosperma,Macarthur feather palm
Ptychosperma,Macarthur palm
Ptychosperma,ptychosperma
Pulsatilla,pasqueflower
Pulsatilla,European pasqueflower 
Pycnosorus,drumsticks
Pycnosorus,
Pyracantha,Firethorn
Pyrus,Pear
Quercus,Evergreen Oak
Quercus,Holly Oak
Quercus,Holm Oak
Quercus,Northern Red Oak
Quercus,Red Oak
Quercus,Oak
Quercus,Acorn
Racemobambos,Bamboo
Raddia,
Raddiella,
Rafflesia,Corpse Flower
Ranunculus,kidney-leaf buttercup
Ranunculus,early woodbuttercup
Ranunculus,smallflower buttercup
Ranunculus,smallflower crowfoot
Ranunculus,littleleaf buttercup
Ranunculus,Meadow buttercup
Ranunculus,Tall  buttercup
Ranunculus,Corn buttercup
Ranunculus,
Ranunculus,spearwort buttercup
Ranunculus,greater creeping spearwort
Ranunculus,Creeping buttercup
Ranunculus,Buttercup
Ranunculus,Persian Buttercup
Ranunculus,renoncules 
Rehia,
Reitzia,
Rhapis,
Rhapis,
Rhapis,
Rhipidocladum,Bamboo
Rhododendron,Azalea
Rhododendron,Rhododendron
Rhus,sumac
Rhynchostylis,
Ricinus ,Castor
Ricinus ,Castor Bean
Ricinus ,Castor Oil Plant
Ricinus ,Ricin
Robinia,locust
Rosa,Macartney rose
Rosa,common-briar
Rosa,dog rose
Rosa,China rose
Rosa,Bengal rose
Rosa,cinnamon rose
Rosa,
Rosa,
Rosa,cyme rose
Rosa,
Rosa,baby rose
Rosa,Japanese rose
Rosa,many-flower rose
Rosa,multiflora rose
Rosa,Eglantine
Rosa,Sweetbriar
Rosa,Sweetbrier
Rosa,sweetbriar rose
Rosa,xuan gou zi qiang wei
Rosa,Japanese Rose
Rosa,Rugosa Rosa
Rosa,Turkestan Rose
Rosa,Rose
Rosa,damask rose
Rosmarinus,Alecrim
Rosmarinus,Mi die xiang
Rosmarinus,Osmarini
Rosmarinus,Romarin
Rosmarinus,Romero
Rosmarinus,Rosamarin
Rosmarinus,Rosmarino
Rosmarinus,Rosemary
Rosmarinus,rosemary
Rubus,Caneberry
Rubus,framboises
Rubus,ronces
Rubus,brambles
Rubus,blackberry
Rubus ,
Rudbeckia,Black Eyed Susan
Rudbeckia,Black-eyed Susan
Rudbeckia,Coneflower
Ruhooglandia,
Rumohra ,Leather Leaf Fern
Rumohra ,iron fern
Ruscus,box-holly
Ruscus,butcher's-broom
Ruscus,spineless butcher's-broom
Ruscus,
Ruscus,Box Holly
Ruscus,Butcher's Broom
Ruscus,Butcher's-broom
Ruscus,Horse-Tongue
Ruscus,Spineless Butcher's Broom
Sabal,cabbage palmetto
Sabal,cabbage palm
Sabal,palm 
Saccharum,
Saccharum,sugarcane
Sageretia,mock buckthorn
Saintpaulia,
Saintpaulia,African violet
Salix,golden willow
Salix,white willow
Salix,yin liu
Salix,Goat Willow
Salix,Great Sallow
Salix,Pussy Willow
Salix,pussy willow
Salix,tortured willow
Salix,Peking willow
Salix,corkscrew willow
Salix,Osier
Salix,Willow
Salix,saule
Salix,saules
Salix,Sachalin willow
Salpiglossis,painted-tongue
Salpiglossis,
Salsola,tumbleweed
Salsola,Russian thistle
Salvia,woodland sage
Salvia,wood sage
Salvia,Sage
Salvia,Echter salbei
Salvia,Kryddsalvia
Salvia,Sa er wei ya
Salvia,Sagesalvia real
Salvia,Sareubia
Salvia,Sauge
Salvia,Sauge officinale
Salvia,Salvia
Salvia,Yagbulkkot
Salvia,šalfej aptečny
Salvia,cedar sage
Salvia,Clary
Salvia,salvia romana
Salvia,clary sage
Salvia,Europe sage
Salvia,Sage
Sandersonia,Chinese-lantern-lily
Sandersonia,Christmasbells
Sandersonia,golden-lily-of-the-valley
Sandersonia,
Sanguisorba,burnet bloodwort
Sanguisorba,great burnet
Sanguisorba,salad burnet
Sanguisorba,gran pimprenelle
Sanguisorba,burnet
Sansevieria,sansevieria
Sansevieria,viper's bowstring hemp
Sapium,milktree 
Saponaria,soapwort
Sarocalamus,
Sarracenia,North American Pitcherplant
Sarracenia,Pitcher Plant
Sasa,broadleaf bamboo
Sasaella,
Sasamorpha,
Saxifraga,
Scabiosa,mourningbride
Scabiosa,Caucasian pincushion flower
Scabiosa,
Scabiosa,Pincushion Flower
Scabiosa,Pincushion Flower
Scabiosa,Scabious
Scabiosa,pincushions
Scabiosa,starflower pincushions 
Scadoxus,
Scadoxus,scadoxus
Schefflera,
Schefflera,
Schizostachyum,Bamboo
Schoenoplectus,
Schoenus,
Schoenus,
Scilla,
Sedum,stonecrop
Sedum,
Semiarundinaria,Narihira Bamboo
Senecio,
Senecio,
Senecio,ragwort
Senecio,groundsel 
Sequoia,Redwood
Sequoiadendron,Giant Redwood
Sequoiadendron,Sequoia
Serruria,blushing-bride
Serruria,
Setaria,Foxtail Millet
Setaria,German Millet
Setaria,Hungarian Millet
Setaria,Italian Millet
Setaria,Italian foxtail
Setaria,Millet d'Italie
Setaria,Millet des Oiseaux
Setaria,Bristle Grass
Setaria,Foztail Grass
Setaria,Millets
Setaria,green bristlegrass
Setaria,green bristle grass
Setaria,bottle grass
Setaria,pigeongrass
Setaria,wild millet
Setaria,green foxtail
Shibataea,Bamboo
Simarouba,
Sinobambusa,Bamboo
Sinomenium,
Sinomenium,
Sirochloa,
Soejatmia,
Sokinochloa,Bamboo
Solanum ,
Solidago,
Solidago,Canadian goldenrod
Solidago,Canada goldenrod
Solidago,common goldenrod
Solidago,gray goldenrod
Solidago,gray-stem goldenrod
Solidago,old-field goldenrod
Solidago,dyersweed goldenrod
Solidago,goldenrod
Solidago,verges d'or
Solidago,noble goldenrod
Solidago,showy goldenrod
Solidago,European goldenrod
Sophora,necklacepod 
Sorbus,Common Serviceberry
Sorbus,Mountain Ash
Sorghum ,Alum Grass
Sorghum ,Alum sorghum
Sorghum ,Columbus Grass
Sorghum ,Black Amber
Sorghum ,Broom-corn
Sorghum ,Broomcorn
Sorghum ,Chicken Corn
Sorghum ,Great Millet
Sorghum ,Rhodesian Sudan Grass
Sorghum ,Shattercane
Sorghum ,Sorghum
Sorghum ,Sorgum
Sorghum ,Wild Cane
Sorghum ,Milo Sorghum
Sorghum ,
Spathiphyllum,peace-lily
Sphaerobambos,Bamboo
Spiraea,Reeve's spiraea
Spiraea,Reeves' meadowsweet
Spiraea,Douglas's spirea
Spiraea,steeplebush
Spiraea,rose spirea
Spiraea,girlandspirea
Spiraea,bridewort
Spiraea,willowleaf meadowsweet
Spiraea,Bridal Wreath
Spiraea,Spirea
Spiraea,Thunberg's meadowsweet
Stachys,
Stapletonia,Bamboo
Stemona,stemona
Stemona,
Stephanotis,bridalwreath
Stephanotis,Chaplet-flower
Stephanotis,Madagascar-jasmine
Stephanotis,waxflower
Stephanotis,
Sticherus,
Sticherus,umbrella fern
Stipa,European feather grass
Stipa,Needlegrass
Stipa,
Stipagrostis ,
Stipagrostis ,
Stokesia,stokesia
Strelitzia,bird-of-paradise
Strelitzia,craneflower
Strelitzia,Bird of Paradise
Striga,Witchweed
Styrax,snowbells
Styrax,snowbell
Symphoricarpos,common snowberry
Symphoricarpos,snowberry
Symphoricarpos,waxberry
Symphoricarpos,thin-leaved snowberry
Symphoricarpos,Coralberry
Symphoricarpos,Snowberry
Symphyotrichum ,
Synsepalum ,miracle-fruit
Synsepalum ,miraculous-berry
Synsepalum ,
Syringa,Lilac
Syringa,Common Lilac
Syringa,Lilac
Tabernaemontana,pinwheelflower
Tabernaemontana,pinwheel-flower
Tabernaemontana,Adam's-apple
Tabernaemontana,broadleaf rose bay
Tabernaemontana,butterfly-gardenia
Tabernaemontana,Ceylon-jessamine
Tabernaemontana,crepe-gardenia
Tabernaemontana,crape-gardenia
Tabernaemontana,crepe-jasmine
Tabernaemontana,crepe-jessamine
Tabernaemontana,East Indian rose bay
Tabernaemontana,flower's-of-love
Tabernaemontana,milkwood
Tagetes,Aztec marigold
Tagetes,French marigold
Tagetes,French Marigold
Tagetes,Marigold
Taiwania,
Talinum,Bunda Mole
Talinum,Bärnstensvippa
Talinum,Herbe onze heures
Talinum,Jewels Of Opar
Talinum,João gomes
Talinum,João gordo
Talinum,Maria gombe
Talinum,Maria gomes
Talinum,Maria gorda
Talinum,Pink Baby's Breath
Talinum,Rama del sapo
Talinum,Tu ren shen
Talinum,
Tanacetum,feverfew 
Tanacetum,Tansy
Taxodium,Bald Cypress
Taxodium,Cypress
Tectona,Teak
Telopea,waratah
Telopea,New South Wales waratah
Temburongia,Bamboo
Temochloa,Bamboo
Tetraclinis,Arar Tree
Thamnocalamus,Bamboo
Thaumatophyllum,
Thaumatophyllum,
Thespesia,bendytree
Thespesia,corktree
Thespesia,Indian tuliptree
Thespesia,milo
Thespesia,Pacific rosewood
Thespesia,Polynesian rosewood
Thespesia,porlia-tree
Thespesia,portia-tree
Thespesia,seaside mahoe
Thespesia,Seychelles rosewood
Thespesia,tuliptree
Thespesia,umbrella-tree
Thespesia,Spanish cork
Thespesia,majagua
Thespesia,
Thlaspi,Frenchweed
Thlaspi,pennycress
Thlaspi,stinkweed
Thlaspi,fanweed
Thlaspi,field pennycress 
Thlaspi,pennycress
Thryptomene,Grampians thryptomene
Thryptomene,
Thuja,Northern White Cedar
Thuja,arborvitae
Thuja,cèdre-thuya occidental
Thuja,eastern white cedar
Thuja,northern white cedar
Thuja,swamp cedar
Thuja,thuier cèdre
Thuja,Canoe Cedar
Thuja,Giant Arborvitae
Thuja,Giant Cedar
Thuja,Pacific Red Cedar
Thuja,Shinglewood
Thuja,Thuya de Lobb
Thuja,Thuya geant
Thuja,Tuia gigante
Thuja,Western Arborvitae
Thuja,Western Red Cedar
Thuja,Arborvitae
Thuja,Cedre
Thuja,Red Cedar
Thuja,Thuya
Thujopsis,
Thymus,Thyme
Thyrsostachys,Bamboo Shoots
Thyrsostachys,Umbrella Handle Bamboo
Thyrsostachys,Monastery Bamboo
Thyrsostachys,Thailand Bamboo
Tibisia,tibisí
Tilia,Basswood
Tilia,Lime
Tilia,Linden
Tillandsia,Airplant
Tillandsia,Air Plant
Tillandsia,Xerographica tillandsia
Tithonia,Mexican-sunflower
Tithonia,red-sunflower
Tithonia,clavel de muerto 
Tithonia,
Toona,redcedar
Toxicodendron,sumac
Toxicodendron,poison ivy
Toxicodendron,poison oak
Trachelium,blue throatwort
Trachelium,throatwort
Trachelium,
Tradescantia,
Tradescantia,boatlily
Tradescantia,oyster plant 
Tricyrtis,tricyrtis
Trifolium,sulphur clover
Trifolium,Hungarian clover
Trifolium,Clover
Triteleia,Triplet Lily
Triticum,Wheat
Tritonia,Blazing Star
Tulipa,Didier's tulip
Tulipa,Tulip
Tweedia,
Typha,cattail
Ulmus,Chinese Elm
Ulmus,Lacebark Elm
Ulmus,Elm
Ursinia,
Vaccinium,
Valiha,Bamboo
Vanda,Blue Orchid
Vanda,
Vandellia,
Vernicia,
Veronica,
Veronica,
Veronica,
Veronica,garden speedwell
Veronica,long-leaf speedwell
Veronica,common gypsyweed
Veronica,speedwell
Veronica,Spiked Speedwell
Veronicastrum,
Veronicastrum,Blackroot
Veronicastrum,Culver's Root
Viburnum,arrow-wood
Viburnum,arrow-wood viburnum
Viburnum,southern arrow-wood
Viburnum,Highbush cranberry
Viburnum,Guelder rose
Viburnum,viburnum European cranberrybush
Viburnum,leatherleaf arrowwood
Viburnum,
Viburnum,
Viburnum,laurustinus
Vietnamocalamus,
Vietnamosasa,
Vinca,periwinkle 
Vitis,
Vitis,Common grape
Vitis,grapevine
Washingtonia,Fan palm
Washingtonia,Mexican fan palm
Washingtonia,Mexican Washington palm
Washingtonia,Mexican washingtonia
Washingtonia,thread palm
Washingtonia,Washingtonia colorada
Washingtonia,fan palm
Watsonia,Bugle Lily
Weigela,
Weigela,
Widdringtonia,
Widjajachloa,
Wisteria,wisteria 
x Amarcrinum,
x Amarine,
x Aranda,
x Aranthera,
Xanthorrhoea,
Xanthorrhoea ,
Xeranthemum,
Xerochrysum ,golden everlasting
Xerochrysum ,paper daisy
Xerochrysum ,paper-flower
Xerochrysum ,straw daisy
Xerochrysum ,strawflower
Xerochrysum ,yellow paper daisy
Xerochrysum ,bracted strawflower
Xerochrysum ,
Xerophyllum,beargrass
Xerophyllum,common beargrass
Xerophyllum,bear-grass
Xerophyllum,bear-lily
Xerophyllum,elk-grass
Xerophyllum,fire-lilly
Xerophyllum,Indian basket-grass
Xerophyllum,western turkey-beard
Yersinochloa,
Yushania,
Zantedeschia,altar-lily
Zantedeschia,arum-lily
Zantedeschia,calla lily
Zantedeschia,common calla
Zantedeschia,Pink Calla
Zantedeschia,Pink-Arum
Zantedeschia,"red calla, "
Zantedeschia,Calla Lily
Zantedeschia,Arum Lily
Zea ,Popcorn
Zea ,Corn
Zingiber,Garden Ginger
Zingiber,Gengibre
Zingiber,Gingembre
Zingiber,Ingefära
Zingiber,Ingwer
Zingiber,Jengibre
Zingiber,Jiang
Zingiber,Saenggang
Zingiber,Shoga
Zingiber,Zenzero
Zingiber,ginger
Zingiber,
Zingiber,Bitter Ginger
Zinnia,Common zinnia
Zinnia,elegant zinnia
Zinnia,garden zinnia
Zinnia,youth-and-age
Zinnia,youth-and-old-age
Zinnia,Zinnia
Zinnia,elegant zinnia
Ziziphus,jujube 